<http://dbpedia.org/resource/%22O%22-Jung.Ban.Hap.>,"Studio"
<http://dbpedia.org/resource/%22V%22_Is_for_Vagina>,"studio"
<http://dbpedia.org/resource/(((GRRRLS)))>,"Album"
<http://dbpedia.org/resource/(Always_Be_My)_Sunshine>,"single"
<http://dbpedia.org/resource/(One_Glance_Is)_Holy>,"single"
<http://dbpedia.org/resource/(There's_A)_Fire_in_the_Night>,"single"
<http://dbpedia.org/resource/...&_Nobody_Else>,"Live album"
<http://dbpedia.org/resource/...Off_the_Bone>,"Compilation"
<http://dbpedia.org/resource/.404_Jeffery>,"Rifle"
<http://dbpedia.org/resource/.lat>,"Proposed top-level domain"
<http://dbpedia.org/resource/02_Panic_Room>,"Single"
<http://dbpedia.org/resource/1+9+8+2>,"studio"
<http://dbpedia.org/resource/1000_Miles_(Grinspoon_song)>,"single"
<http://dbpedia.org/resource/100th_(Prince_of_Wales's_Royal_Canadian)_Regiment_of_Foot>,<http://dbpedia.org/resource/Line_infantry>
<http://dbpedia.org/resource/100th_Regiment_of_Foot_(Prince_Regent's_County_of_Dublin_Regiment)>,<http://dbpedia.org/resource/Line_infantry>
<http://dbpedia.org/resource/101_Battalion_(South_Africa)>,"Motorised Infantry"
<http://dbpedia.org/resource/101st_Regiment_of_Foot_(1760)>,<http://dbpedia.org/resource/Line_infantry>
<http://dbpedia.org/resource/102nd_Infantry_Division_(Wehrmacht)>,<http://dbpedia.org/resource/Infantry>
<http://dbpedia.org/resource/107_mm_gun_M1910/30>,"field gun"
<http://dbpedia.org/resource/108_Hospital>,"Specialist"
<http://dbpedia.org/resource/109th_Battalion_(Victoria_&_Haliburton)_CEF>,<http://dbpedia.org/resource/Infantry>
<http://dbpedia.org/resource/10_from_5>,"compilation"
<http://dbpedia.org/resource/11/6_12/10>,"studio"
<http://dbpedia.org/resource/112th_Mechanized_Infantry_Division_(People's_Republic_of_China)>,<http://dbpedia.org/resource/Mechanized_infantry>
<http://dbpedia.org/resource/112th_Mechanized_Infantry_Division_(People's_Republic_of_China)>,<http://dbpedia.org/resource/Combined_arms>
<http://dbpedia.org/resource/113th_Mechanized_Infantry_Division_(People's_Republic_of_China)>,<http://dbpedia.org/resource/Mechanized_infantry>
<http://dbpedia.org/resource/113th_Mechanized_Infantry_Division_(People's_Republic_of_China)>,<http://dbpedia.org/resource/Combined_arms>
<http://dbpedia.org/resource/113th_Regiment_of_Foot_(Royal_Highlanders)>,<http://dbpedia.org/resource/Infantry>
<http://dbpedia.org/resource/114th_Armed_Police_Mobile_Division>,<http://dbpedia.org/resource/Gendarmerie>
<http://dbpedia.org/resource/118th_Mechanized_Infantry_Brigade_(People's_Republic_of_China)>,<http://dbpedia.org/resource/Combined_arms>
<http://dbpedia.org/resource/11th_Michigan_Infantry_Regiment>,<http://dbpedia.org/resource/Infantry>
<http://dbpedia.org/resource/11th_Reserve_Division_(German_Empire)>,"Infantry"
<http://dbpedia.org/resource/12.8_cm_Pak_44>,<http://dbpedia.org/resource/Anti-tank_gun>
<http://dbpedia.org/resource/120-PM-43_mortar>,"Mortar"
<http://dbpedia.org/resource/1218_(Pt._II)>,<http://dbpedia.org/resource/Album>
<http://dbpedia.org/resource/128th_Mountain_Assault_Brigade_(Ukraine)>,<http://dbpedia.org/resource/Mechanized_Infantry_(Ukraine)>
<http://dbpedia.org/resource/12th_Reserve_Division_(German_Empire)>,"Infantry"
<http://dbpedia.org/resource/132nd_Infantry_Regiment_(United_States)>,"Infantry"
<http://dbpedia.org/resource/138th_Fighter_Wing>,"Wing"
<http://dbpedia.org/resource/13_Unlucky_Numbers>,<http://dbpedia.org/resource/Album>
<http://dbpedia.org/resource/13th_Frontier_Force_Rifles>,"Infantry"
<http://dbpedia.org/resource/13th_Space_Warning_Squadron>,"Missile Warning"
<http://dbpedia.org/resource/14th_Air_and_Air_Defence_Forces_Army>,<http://dbpedia.org/resource/Air_army_(Soviet_Union)>
<http://dbpedia.org/resource/14th_Infantry_Division_(Wehrmacht)>,<http://dbpedia.org/resource/Infantry>
<http://dbpedia.org/resource/152_mm_gun_M1935_(Br-2)>,"Heavy gun"
<http://dbpedia.org/resource/15th_South_Carolina_Infantry_Regiment>,<http://dbpedia.org/resource/Infantry>
<http://dbpedia.org/resource/16-inch/50-caliber_M1919_gun>,<http://dbpedia.org/resource/Coastal_artillery>
<http://dbpedia.org/resource/1632_Polish–Lithuanian_royal_election>,"presidential"
<http://dbpedia.org/resource/16_Biggest_Hits_(Johnny_Cash_album)>,"album"
<http://dbpedia.org/resource/16_Biggest_Hits_(Johnny_Cash_album)>,"greatest"
<http://dbpedia.org/resource/16th_Battalion_Royal_Western_Australia_Regiment>,"Reserve infantry"
<http://dbpedia.org/resource/16th_Field_Battery_Royal_Australian_Artillery>,<http://dbpedia.org/resource/Artillery>
<http://dbpedia.org/resource/16th_SS_Panzergrenadier_Division_Reichsführer-SS>,<http://dbpedia.org/resource/Panzergrenadier>
<http://dbpedia.org/resource/176th_Wing>,"Wing"
<http://dbpedia.org/resource/17th_Michigan_Infantry_Regiment>,<http://dbpedia.org/resource/Infantry>
<http://dbpedia.org/resource/183A_Toll_Road>,"incomplete"
<http://dbpedia.org/resource/183A_Toll_Road>,"concur"
<http://dbpedia.org/resource/1871_French_legislative_election>,"parliamentary"
<http://dbpedia.org/resource/1876_French_legislative_election>,"parliamentary"
<http://dbpedia.org/resource/1877_French_legislative_election>,"parliamentary"
<http://dbpedia.org/resource/187_Ride_By>,"studio"
<http://dbpedia.org/resource/1881_French_legislative_election>,"parliamentary"
<http://dbpedia.org/resource/1885_French_legislative_election>,"parliamentary"
<http://dbpedia.org/resource/1889_French_legislative_election>,"parliamentary"
<http://dbpedia.org/resource/1891_Mino–Owari_earthquake>,<http://dbpedia.org/resource/Fault_(geology)>
<http://dbpedia.org/resource/1893_French_legislative_election>,"parliamentary"
<http://dbpedia.org/resource/1898_French_legislative_election>,"parliamentary"
<http://dbpedia.org/resource/1902_French_legislative_election>,"parliamentary"
<http://dbpedia.org/resource/1906_French_legislative_election>,"legislative"
<http://dbpedia.org/resource/1910_French_legislative_election>,"legislative"
<http://dbpedia.org/resource/1919_French_legislative_election>,"legislative"
<http://dbpedia.org/resource/1924_French_legislative_election>,"legislative"
<http://dbpedia.org/resource/1927_Combined_Scottish_Universities_by-election>,"parliamentary"
<http://dbpedia.org/resource/1928_French_legislative_election>,"legislative"
<http://dbpedia.org/resource/1933_Spanish_general_election>,"parliamentary"
<http://dbpedia.org/resource/1935_Combined_Scottish_Universities_by-election>,"parliamentary"
<http://dbpedia.org/resource/1936_Combined_Scottish_Universities_by-election>,"parliamentary"
<http://dbpedia.org/resource/1938_Combined_Scottish_Universities_by-election>,"parliamentary"
<http://dbpedia.org/resource/1939_Belgian_general_election>,"parliamentary"
<http://dbpedia.org/resource/193rd_Special_Operations_Wing>,"Wing"
<http://dbpedia.org/resource/1945_Combined_Scottish_Universities_by-election>,"parliamentary"
<http://dbpedia.org/resource/1946_Combined_Scottish_Universities_by-election>,"parliamentary"
<http://dbpedia.org/resource/1952_Monaco_Grand_Prix>,"CUST"
<http://dbpedia.org/resource/1954_United_States_Senate_election_in_South_Carolina>,"presidential"
<http://dbpedia.org/resource/1956_Trinidad_and_Tobago_general_election>,"parliamentary"
<http://dbpedia.org/resource/1959_Hebgen_Lake_earthquake>,<http://dbpedia.org/resource/Fault_(geology)>
<http://dbpedia.org/resource/1962_United_States_elections>,"Midterm elections"
<http://dbpedia.org/resource/1963_Oakland_Raiders_season>,"FG"
<http://dbpedia.org/resource/1963_Oakland_Raiders_season>,"FumbleTD"
<http://dbpedia.org/resource/1963_Oakland_Raiders_season>,"RecTD"
<http://dbpedia.org/resource/1963_Oakland_Raiders_season>,"RushTD"
<http://dbpedia.org/resource/1966_Trinidad_and_Tobago_general_election>,"parliamentary"
<http://dbpedia.org/resource/1968_Oakland_Raiders_season>,"FG"
<http://dbpedia.org/resource/1968_Oakland_Raiders_season>,"FumbleTD"
<http://dbpedia.org/resource/1968_Oakland_Raiders_season>,"IntTD"
<http://dbpedia.org/resource/1968_Oakland_Raiders_season>,"RecTD"
<http://dbpedia.org/resource/1968_Oakland_Raiders_season>,"RushTD"
<http://dbpedia.org/resource/1968_Thule_Air_Base_B-52_crash>,"In-flight fire"
<http://dbpedia.org/resource/1969_(Julie_Driscoll_album)>,"studio"
<http://dbpedia.org/resource/1971_Trinidad_and_Tobago_general_election>,"parliamentary"
<http://dbpedia.org/resource/1972_Sutton_and_Cheam_by-election>,"parliamentary"
<http://dbpedia.org/resource/1973_(song)>,"single"
<http://dbpedia.org/resource/1973_Bangladeshi_general_election>,"parliamentary"
<http://dbpedia.org/resource/1973_West_Bromwich_by-election>,"parliamentary"
<http://dbpedia.org/resource/1973_Wolverhampton_Metropolitan_Borough_Council_election>,"parliamentary"
<http://dbpedia.org/resource/1975_Dutch_train_hostage_crisis>,<http://dbpedia.org/resource/Hostage>
<http://dbpedia.org/resource/1975_Dutch_train_hostage_crisis>,<http://dbpedia.org/resource/Murder>
<http://dbpedia.org/resource/1976_Singaporean_general_election>,"parliamentary"
<http://dbpedia.org/resource/1976_Walsall_North_by-election>,"parliamentary"
<http://dbpedia.org/resource/1977_Arkansas_Razorbacks_football_team>,"FG"
<http://dbpedia.org/resource/1977_Arkansas_Razorbacks_football_team>,"RecTD"
<http://dbpedia.org/resource/1977_Arkansas_Razorbacks_football_team>,"RushTD"
<http://dbpedia.org/resource/1977_Dutch_school_hostage_crisis>,<http://dbpedia.org/resource/Hostage>
<http://dbpedia.org/resource/1977_Dutch_train_hijacking>,<http://dbpedia.org/resource/Hostage>
<http://dbpedia.org/resource/1977_Israeli_Air_Force_Sikorsky_CH-53_Sea_Stallion_crash>,<http://dbpedia.org/resource/Pilot_error>
<http://dbpedia.org/resource/1977_Turkish_general_election>,"parliamentary"
<http://dbpedia.org/resource/1978_Belgian_general_election>,"parliamentary"
<http://dbpedia.org/resource/1978_Dutch_province_hall_hostage_crisis>,<http://dbpedia.org/resource/Hostage>
<http://dbpedia.org/resource/1978_Ilford_North_by-election>,"parliamentary"
<http://dbpedia.org/resource/1979_Bangladeshi_general_election>,"parliamentary"
<http://dbpedia.org/resource/1979_Sydney_Ghost_Train_fire>,"Fire"
<http://dbpedia.org/resource/1980_Oakland_Raiders_season>,"Other"
<http://dbpedia.org/resource/1980_Oakland_Raiders_season>,"FG"
<http://dbpedia.org/resource/1980_Oakland_Raiders_season>,"FumbleTD"
<http://dbpedia.org/resource/1980_Oakland_Raiders_season>,"IntTD"
<http://dbpedia.org/resource/1980_Oakland_Raiders_season>,"RecTD"
<http://dbpedia.org/resource/1980_Oakland_Raiders_season>,"RushTD"
<http://dbpedia.org/resource/1980_Oakland_Raiders_season>,"SafetyOther"
<http://dbpedia.org/resource/1981_Belgian_general_election>,"parliamentary"
<http://dbpedia.org/resource/1981_Warrington_by-election>,"parliamentary"
<http://dbpedia.org/resource/1982_Birmingham_Northfield_by-election>,"parliamentary"
<http://dbpedia.org/resource/1982_Glasgow_Hillhead_by-election>,"parliamentary"
<http://dbpedia.org/resource/1983_Los_Angeles_Raiders_season>,"final roster"
<http://dbpedia.org/resource/1983_Turkish_general_election>,"parliamentary"
<http://dbpedia.org/resource/1984_European_Parliament_election_in_Belgium>,"parliamentary"
<http://dbpedia.org/resource/1985_Belgian_general_election>,"parliamentary"
<http://dbpedia.org/resource/1986_Bangladeshi_general_election>,"parliamentary"
<http://dbpedia.org/resource/1986_Trinidad_and_Tobago_general_election>,"parliamentary"
<http://dbpedia.org/resource/1987_Belgian_general_election>,"parliamentary"
<http://dbpedia.org/resource/1987_Turkish_general_election>,"parliamentary"
<http://dbpedia.org/resource/1988_Bangladeshi_general_election>,"parliamentary"
<http://dbpedia.org/resource/1989_European_Parliament_election_in_Belgium>,"parliamentary"
<http://dbpedia.org/resource/1989_European_Parliament_election_in_Greece>,"legislative"
<http://dbpedia.org/resource/1990_Hungarian_parliamentary_election>,"parliamentary"
<http://dbpedia.org/resource/1990_Idaho_gubernatorial_election>,"presidential"
<http://dbpedia.org/resource/1991_Bangladeshi_general_election>,"parliamentary"
<http://dbpedia.org/resource/1991_Belgian_general_election>,"parliamentary"
<http://dbpedia.org/resource/1991_United_States_gubernatorial_elections>,"legislative"
<http://dbpedia.org/resource/1992_Hooters_500>,"CUST"
<http://dbpedia.org/resource/1992_United_States_gubernatorial_elections>,"legislative"
<http://dbpedia.org/resource/1992_Ürümqi_bombings>,"Bombings"
<http://dbpedia.org/resource/1994_European_Parliament_election_in_Belgium>,"parliamentary"
<http://dbpedia.org/resource/1994_Hungarian_parliamentary_election>,"parliamentary"
<http://dbpedia.org/resource/1994_Idaho_gubernatorial_election>,"presidential"
<http://dbpedia.org/resource/1995_Belgian_regional_elections>,"parliamentary"
<http://dbpedia.org/resource/1995_Trinidad_and_Tobago_general_election>,"parliamentary"
<http://dbpedia.org/resource/1995_United_States_gubernatorial_elections>,"legislative"
<http://dbpedia.org/resource/1996_Florida_Gators_football_team>,"FG"
<http://dbpedia.org/resource/1996_Florida_Gators_football_team>,"RecTD"
<http://dbpedia.org/resource/1996_Florida_Gators_football_team>,"RushTD"
<http://dbpedia.org/resource/1996_United_States_gubernatorial_elections>,"legislative"
<http://dbpedia.org/resource/1997_Indonesian_legislative_election>,"parliamentary"
<http://dbpedia.org/resource/1997_Indonesian_legislative_election>,"presidential"
<http://dbpedia.org/resource/1997_South_Korean_presidential_election>,"presidential"
<http://dbpedia.org/resource/1997_United_States_gubernatorial_elections>,"legislative"
<http://dbpedia.org/resource/1997_Ürümqi_bus_bombings>,<http://dbpedia.org/resource/Car_bomb>
<http://dbpedia.org/resource/1998_Colombian_presidential_election>,"presidential"
<http://dbpedia.org/resource/1998_Epping_Forest_District_Council_election>,"Parliamentary"
<http://dbpedia.org/resource/1998_Idaho_gubernatorial_election>,"presidential"
<http://dbpedia.org/resource/1998_United_States_Senate_election_in_Nevada>,"presidential"
<http://dbpedia.org/resource/1999_British_Virgin_Islands_general_election>,"parliamentary"
<http://dbpedia.org/resource/1999_Epping_Forest_District_Council_election>,"Parliamentary"
<http://dbpedia.org/resource/1999_European_Parliament_election_in_Belgium>,"parliamentary"
<http://dbpedia.org/resource/1999_European_Parliament_election_in_Germany>,"parliamentary"
<http://dbpedia.org/resource/1999_European_Parliament_election_in_Sweden>,"parliamentary"
<http://dbpedia.org/resource/1999_Ipswich_Borough_Council_election>,"parliamentary"
<http://dbpedia.org/resource/19th_Waffen_Grenadier_Division_of_the_SS_(2nd_Latvian)>,<http://dbpedia.org/resource/Infantry>
<http://dbpedia.org/resource/1st_Armored_Division_(France)>,<http://dbpedia.org/resource/Division_(military)>
<http://dbpedia.org/resource/1st_Division_(German_Empire)>,"Infantry"
<http://dbpedia.org/resource/1st_Horse_(Skinner's_Horse)>,<http://dbpedia.org/resource/Cavalry>
<http://dbpedia.org/resource/1st_Valley_Bank>,<http://dbpedia.org/resource/Privately_held_company>
<http://dbpedia.org/resource/1st_Weather_Group>,"Group"
<http://dbpedia.org/resource/2-inch_medium_mortar>,"Medium mortar"
<http://dbpedia.org/resource/2/4th_Commando_Squadron_(Australia)>,"Commando"
<http://dbpedia.org/resource/2/7th_Armoured_Regiment_(Australia)>,<http://dbpedia.org/resource/Armoured_warfare>
<http://dbpedia.org/resource/2000_(dinghy)>,<http://dbpedia.org/resource/Monohull>
<http://dbpedia.org/resource/2000_Epping_Forest_District_Council_election>,"Parliamentary"
<http://dbpedia.org/resource/2000_Ipswich_Borough_Council_election>,"parliamentary"
<http://dbpedia.org/resource/2000_United_States_House_of_Representatives_election_in_North_Dakota>,"presidential"
<http://dbpedia.org/resource/2001_Cape_Verdean_parliamentary_election>,"parliamentary"
<http://dbpedia.org/resource/2001_Suffolk_County_Council_election>,"Parliamentary"
<http://dbpedia.org/resource/2002_Algerian_legislative_election>,"parliamentary"
<http://dbpedia.org/resource/2002_Camden_London_Borough_Council_election>,"parliamentary"
<http://dbpedia.org/resource/2002_Epping_Forest_District_Council_election>,"Parliamentary"
<http://dbpedia.org/resource/2002_Guamanian_general_election>,"presidential"
<http://dbpedia.org/resource/2002_Guamanian_general_election>,"legislative"
<http://dbpedia.org/resource/2002_Idaho_gubernatorial_election>,"presidential"
<http://dbpedia.org/resource/2002_Ipswich_Borough_Council_election>,"parliamentary"
<http://dbpedia.org/resource/2002_Jersey_general_election>,"parliamentary"
<http://dbpedia.org/resource/2002_United_States_House_of_Representatives_election_in_North_Dakota>,"presidential"
<http://dbpedia.org/resource/2002_United_States_Senate_election_in_Illinois>,"presidential"
<http://dbpedia.org/resource/2002_United_States_Senate_election_in_Minnesota>,"presidential"
<http://dbpedia.org/resource/2002_United_States_Senate_election_in_South_Dakota>,"presidential"
<http://dbpedia.org/resource/2003_Colima_earthquake>,<http://dbpedia.org/resource/Fault_(geology)>
<http://dbpedia.org/resource/2003_Ipswich_Borough_Council_election>,"parliamentary"
<http://dbpedia.org/resource/2003_Ohio_State_Buckeyes_football_team>,"Other"
<http://dbpedia.org/resource/2003_Ohio_State_Buckeyes_football_team>,"FG"
<http://dbpedia.org/resource/2003_Ohio_State_Buckeyes_football_team>,"RecTD"
<http://dbpedia.org/resource/2003_Ohio_State_Buckeyes_football_team>,"RushTD"
<http://dbpedia.org/resource/2003_Portsmouth_City_Council_election>,"Parliamentary"
<http://dbpedia.org/resource/2003_Ålandic_legislative_election>,"Legislative"
<http://dbpedia.org/resource/2004_Abkhazian_presidential_election>,"presidential"
<http://dbpedia.org/resource/2004_Gosport_Borough_Council_election>,"Parliamentary"
<http://dbpedia.org/resource/2004_Ipswich_Borough_Council_election>,"parliamentary"
<http://dbpedia.org/resource/2004_United_States_House_of_Representatives_election_in_North_Dakota>,"presidential"
<http://dbpedia.org/resource/2004_United_States_Senate_election_in_South_Dakota>,"presidential"
<http://dbpedia.org/resource/2005_Suffolk_County_Council_election>,"Parliamentary"
<http://dbpedia.org/resource/2005_Wiltshire_County_Council_election>,"parliamentary"
<http://dbpedia.org/resource/2006_Camden_London_Borough_Council_election>,"parliamentary"
<http://dbpedia.org/resource/2006_Gosport_Borough_Council_election>,"Parliamentary"
<http://dbpedia.org/resource/2006_Guamanian_general_election>,"presidential"
<http://dbpedia.org/resource/2006_Guamanian_general_election>,"legislative"
<http://dbpedia.org/resource/2006_Iowa_Senate_election>,"legislative"
<http://dbpedia.org/resource/2006_Ipswich_Borough_Council_election>,"parliamentary"
<http://dbpedia.org/resource/2006_Mercy_Air_Bell_412_crash>,"Crashed in fog"
<http://dbpedia.org/resource/2006_Tower_Hamlets_London_Borough_Council_election>,"parliamentary"
<http://dbpedia.org/resource/2006–07_FC_Barcelona_season>,"Transfer"
<http://dbpedia.org/resource/2006–07_FC_Barcelona_season>,"Loan"
<http://dbpedia.org/resource/2006–07_FC_Barcelona_season>,"Contract Termination"
<http://dbpedia.org/resource/2006–07_FC_Barcelona_season>,"Return of loan"
<http://dbpedia.org/resource/2007_3M_Performance_400>,"CUST"
<http://dbpedia.org/resource/2007_Angus_Council_election>,"parliamentary"
<http://dbpedia.org/resource/2007_Argyll_and_Bute_Council_election>,"parliamentary"
<http://dbpedia.org/resource/2007_Brickyard_400>,"CUST"
<http://dbpedia.org/resource/2007_Calgary_municipal_election>,"legislative"
<http://dbpedia.org/resource/2007_Centurion_Boats_at_the_Glen>,"CUST"
<http://dbpedia.org/resource/2007_Citizens_Bank_400>,"CUST"
<http://dbpedia.org/resource/2007_Clackmannanshire_Council_election>,"parliamentary"
<http://dbpedia.org/resource/2007_Ealing_Southall_by-election>,"parliamentary"
<http://dbpedia.org/resource/2007_Fife_Council_election>,"parliamentary"
<http://dbpedia.org/resource/2007_Highland_Council_election>,"parliamentary"
<http://dbpedia.org/resource/2007_Ipswich_Borough_Council_election>,"parliamentary"
<http://dbpedia.org/resource/2007_Jordanian_local_elections>,"parliamentary"
<http://dbpedia.org/resource/2007_Kazakh_legislative_election>,"legislative"
<http://dbpedia.org/resource/2007_Lenox_Industrial_Tools_300>,"CUST"
<http://dbpedia.org/resource/2007_Lethbridge_municipal_election>,"legislative"
<http://dbpedia.org/resource/2007_Pennsylvania_500>,"CUST"
<http://dbpedia.org/resource/2007_Pepsi_400>,"CUST"
<http://dbpedia.org/resource/2007_Peru_earthquake>,<http://dbpedia.org/resource/Megathrust_earthquake>
<http://dbpedia.org/resource/2007_San_Francisco_International_Airport_runway_incursion>,"Runway incursion due to ATC error"
<http://dbpedia.org/resource/2007_Sedgefield_by-election>,"parliamentary"
<http://dbpedia.org/resource/2007_Sharp_AQUOS_500>,"CUST"
<http://dbpedia.org/resource/2007_Sharpie_500>,"CUST"
<http://dbpedia.org/resource/2007_Toyota/Save_Mart_350>,"NASNEX"
<http://dbpedia.org/resource/2007_USG_Sheetrock_400>,"CUST"
<http://dbpedia.org/resource/2007_United_Nations_Security_Council_election>,"legislative"
<http://dbpedia.org/resource/2007_Ålandic_legislative_election>,"Legislative"
<http://dbpedia.org/resource/2007–08_FC_Barcelona_season>,"Transfer"
<http://dbpedia.org/resource/2007–08_FC_Barcelona_season>,"Loan"
<http://dbpedia.org/resource/2007–08_FC_Barcelona_season>,"Contract Termination"
<http://dbpedia.org/resource/2007–08_FC_Barcelona_season>,"Promote"
<http://dbpedia.org/resource/2007–08_Leeds_United_F.C._season>,"Retired"
<http://dbpedia.org/resource/2007–08_Leeds_United_F.C._season>,"Released"
<http://dbpedia.org/resource/2007–08_Leeds_United_F.C._season>,"Free Agent"
<http://dbpedia.org/resource/2007–08_Leeds_United_F.C._season>,"Transfer"
<http://dbpedia.org/resource/2007–08_Leeds_United_F.C._season>,"Transferred"
<http://dbpedia.org/resource/2007–08_Leeds_United_F.C._season>,"Retired 2"
<http://dbpedia.org/resource/2007–08_Plymouth_Argyle_F.C._season>,"Released"
<http://dbpedia.org/resource/2007–08_Plymouth_Argyle_F.C._season>,"Signed"
<http://dbpedia.org/resource/2007–08_Plymouth_Argyle_F.C._season>,"Transfer"
<http://dbpedia.org/resource/2007–08_Plymouth_Argyle_F.C._season>,"Loan"
<http://dbpedia.org/resource/2007–08_R.S.C._Anderlecht_season>,"6"
<http://dbpedia.org/resource/2007–08_R.S.C._Anderlecht_season>,"Contract ended"
<http://dbpedia.org/resource/2007–08_R.S.C._Anderlecht_season>,"End of loan"
<http://dbpedia.org/resource/2007–08_R.S.C._Anderlecht_season>,"End of trial"
<http://dbpedia.org/resource/2007–08_R.S.C._Anderlecht_season>,"Loaned out"
<http://dbpedia.org/resource/2007–08_R.S.C._Anderlecht_season>,"Transferred"
<http://dbpedia.org/resource/2007–08_Real_Madrid_CF_season>,"Retired"
<http://dbpedia.org/resource/2007–08_Real_Madrid_CF_season>,"Promoted"
<http://dbpedia.org/resource/2007–08_Real_Madrid_CF_season>,"Signed"
<http://dbpedia.org/resource/2007–08_Real_Madrid_CF_season>,"Loan Return"
<http://dbpedia.org/resource/2007–08_Real_Madrid_CF_season>,"Loan return"
<http://dbpedia.org/resource/2007–08_Real_Madrid_CF_season>,"Contract ended"
<http://dbpedia.org/resource/2007–08_Real_Madrid_CF_season>,"Transferred"
<http://dbpedia.org/resource/2007–08_Real_Madrid_CF_season>,"Loan Ended"
<http://dbpedia.org/resource/2007–08_Real_Madrid_CF_season>,"Loaned Out"
<http://dbpedia.org/resource/2008_Australian_Grand_Prix>,"F1"
<http://dbpedia.org/resource/2008_Bavarian_state_election>,"parliamentary"
<http://dbpedia.org/resource/2008_British_Grand_Prix>,"F1"
<http://dbpedia.org/resource/2008_German_Grand_Prix>,"F1"
<http://dbpedia.org/resource/2008_Hessian_state_election>,"parliamentary"
<http://dbpedia.org/resource/2008_Lower_Austrian_state_election>,"parliamentary"
<http://dbpedia.org/resource/2008_Lower_Saxony_state_election>,"parliamentary"
<http://dbpedia.org/resource/2008_Montana_gubernatorial_election>,"presidential"
<http://dbpedia.org/resource/2008_Spanish_general_election>,"parliamentary"
<http://dbpedia.org/resource/2008_Tyrolean_state_election>,"parliamentary"
<http://dbpedia.org/resource/2008_United_Nations_Security_Council_election>,"legislative"
<http://dbpedia.org/resource/2008_United_States_House_of_Representatives_election_in_Delaware>,"presidential"
<http://dbpedia.org/resource/2008_United_States_Senate_election_in_Alabama>,"presidential"
<http://dbpedia.org/resource/2008_United_States_Senate_election_in_Alaska>,"presidential"
<http://dbpedia.org/resource/2008_United_States_Senate_election_in_West_Virginia>,"presidential"
<http://dbpedia.org/resource/2008_Utah_gubernatorial_election>,"presidential"
<http://dbpedia.org/resource/2009_European_Parliament_election_in_Italy>,"parliamentary"
<http://dbpedia.org/resource/2010_California_gubernatorial_election>,"presidential"
<http://dbpedia.org/resource/2010_Maryland_gubernatorial_election>,"presidential"
<http://dbpedia.org/resource/2010_Polish_presidential_election>,"presidential"
<http://dbpedia.org/resource/20_(Terminaator_album)>,"greatest"
<http://dbpedia.org/resource/20_Años_(Luis_Miguel_album)>,"album"
<http://dbpedia.org/resource/20_Años_(Luis_Miguel_album)>,"Studio album"
<http://dbpedia.org/resource/20_Años_Después>,"compilation"
<http://dbpedia.org/resource/20_Years_of_Noise_1985–2005>,"greatest"
<http://dbpedia.org/resource/20th_CBRNE_Command>,"CBRNE Command"
<http://dbpedia.org/resource/20th_Century_Hits>,"Remix"
<http://dbpedia.org/resource/20th_Century_Hits>,"album"
<http://dbpedia.org/resource/20th_Century_Masters_–_The_Millennium_Collection:_The_Best_of_Steve_Earle>,"greatest"
<http://dbpedia.org/resource/20th_Century_Masters_–_The_Millennium_Collection:_The_Best_of_Toby_Keith>,"album"
<http://dbpedia.org/resource/20th_Century_Masters_–_The_Millennium_Collection:_The_Best_of_Toby_Keith>,"greatest"
<http://dbpedia.org/resource/21st_Century_Live>,"live"
<http://dbpedia.org/resource/21st_Infantry_Division_(Wehrmacht)>,<http://dbpedia.org/resource/Infantry>
<http://dbpedia.org/resource/220_Volt_Live>,"live"
<http://dbpedia.org/resource/22nd_World_Scout_Jamboree>,"event"
<http://dbpedia.org/resource/23andMe>,<http://dbpedia.org/resource/Public_company>
<http://dbpedia.org/resource/23rd_Armoured_Brigade_(Greece)>,<http://dbpedia.org/resource/Armoured_warfare>
<http://dbpedia.org/resource/24_Decembre>,"EP"
<http://dbpedia.org/resource/24_Deep>,"EP"
<http://dbpedia.org/resource/254_(East_of_England)_Medical_Regiment>,<http://dbpedia.org/resource/Army_Reserve_(United_Kingdom)>
<http://dbpedia.org/resource/25_mm_automatic_air_defense_gun_M1940_(72-K)>,"Autocannon"
<http://dbpedia.org/resource/25_mm_automatic_air_defense_gun_M1940_(72-K)>,"Anti-aircraft gun"
<http://dbpedia.org/resource/25th_Anniversary_Box_Set>,"box"
<http://dbpedia.org/resource/25th_Armoured_Brigade_(Greece)>,<http://dbpedia.org/resource/Armoured_warfare>
<http://dbpedia.org/resource/25th_Infantry_Division_(India)>,<http://dbpedia.org/resource/Infantry>
<http://dbpedia.org/resource/26th_Division_(German_Empire)>,"Infantry"
<http://dbpedia.org/resource/26th_Division_(United_Kingdom)>,<http://dbpedia.org/resource/Infantry>
<http://dbpedia.org/resource/27th_Division_(German_Empire)>,"Infantry"
<http://dbpedia.org/resource/27th_Mountain_Infantry_Brigade_(France)>,<http://dbpedia.org/resource/Mountain_warfare>
<http://dbpedia.org/resource/28_Vulpeculae>,<http://dbpedia.org/resource/Subgiant>
<http://dbpedia.org/resource/28th_Jäger_Division_(Wehrmacht)>,<http://dbpedia.org/resource/Infantry>
<http://dbpedia.org/resource/292nd_Infantry_Division_(Wehrmacht)>,<http://dbpedia.org/resource/Infantry>
<http://dbpedia.org/resource/29th_Waffen_Grenadier_Division_of_the_SS_(1st_Italian)>,<http://dbpedia.org/resource/Shock_troops>
<http://dbpedia.org/resource/2K_Australia>,<http://dbpedia.org/resource/Subsidiary>
<http://dbpedia.org/resource/2gether:_Again>,"Studio"
<http://dbpedia.org/resource/2gether_(2gether_album)>,"Album"
<http://dbpedia.org/resource/2nd_Baltic_Front>,"Army Group Command"
<http://dbpedia.org/resource/2nd_Foreign_Infantry_Regiment>,<http://dbpedia.org/resource/French_Foreign_Legion>
<http://dbpedia.org/resource/2nd_Lancers_(Gardner's_Horse)>,<http://dbpedia.org/resource/Armoured_warfare>
<http://dbpedia.org/resource/2nd_Psychological_Operations_Group>,"17"
<http://dbpedia.org/resource/303rd_Aeronautical_Systems_Wing>,"Aeronautical Systems"
<http://dbpedia.org/resource/305th_Infantry_Division_(Wehrmacht)>,<http://dbpedia.org/resource/Infantry>
<http://dbpedia.org/resource/309th_Maintenance_Wing>,"Equipment Support"
<http://dbpedia.org/resource/30th_Mechanized_Brigade_(Ukraine)>,<http://dbpedia.org/resource/Mechanized_Infantry_(Ukraine)>
<http://dbpedia.org/resource/31_Vulpeculae>,"horizontal branch"
<http://dbpedia.org/resource/326th_Aeronautical_Systems_Wing>,"Aeronautical Systems Development"
<http://dbpedia.org/resource/327th_Aircraft_Sustainment_Wing>,"Aircraft Maintenance"
<http://dbpedia.org/resource/32_Vulpeculae>,"giant"
<http://dbpedia.org/resource/33_(Luis_Miguel_album)>,"album"
<http://dbpedia.org/resource/33_(Luis_Miguel_album)>,"studio"
<http://dbpedia.org/resource/349th_Air_Mobility_Wing>,"Wing"
<http://dbpedia.org/resource/349th_Infantry_Division_(Wehrmacht)>,<http://dbpedia.org/resource/Infantry>
<http://dbpedia.org/resource/377th_Air_Base_Wing>,"Base Support"
<http://dbpedia.org/resource/37_Days>,"album"
<http://dbpedia.org/resource/37_Days>,"studio"
<http://dbpedia.org/resource/37th_Air_Army>,"High Supreme Command"
<http://dbpedia.org/resource/37th_SS_Volunteer_Cavalry_Division_Lützow>,<http://dbpedia.org/resource/Cavalry>
<http://dbpedia.org/resource/383_Commando_Petroleum_Troop_RLC>,<http://dbpedia.org/resource/Commando>
<http://dbpedia.org/resource/38_Carat_Collection>,"compilation"
<http://dbpedia.org/resource/3D_(The_Three_Degrees_album)>,"studio"
<http://dbpedia.org/resource/3_Is_Family>,"single"
<http://dbpedia.org/resource/3rd_Algerian_Infantry_Division>,"Infantry Division"
<http://dbpedia.org/resource/3rd_Cuirassier_Regiment_(France)>,"Heavy Cavalry/Armored Cavalry"
<http://dbpedia.org/resource/3rd_Skinner's_Horse>,"Cavalry"
<http://dbpedia.org/resource/4-Way_Diablo>,"studio"
<http://dbpedia.org/resource/412th_Test_Wing>,"Wing"
<http://dbpedia.org/resource/433rd_Airlift_Wing>,"Wing"
<http://dbpedia.org/resource/437th_Airlift_Wing>,"Wing"
<http://dbpedia.org/resource/439th_Airlift_Wing>,<http://dbpedia.org/resource/Airlift>
<http://dbpedia.org/resource/43M_Zrínyi>,<http://dbpedia.org/resource/Assault_gun>
<http://dbpedia.org/resource/442nd_Fighter_Wing>,"Wing"
<http://dbpedia.org/resource/478th_Aeronautical_Systems_Wing>,"Aeronautical Systems"
<http://dbpedia.org/resource/482nd_Fighter_Wing>,"Wing"
<http://dbpedia.org/resource/4:13_Dream>,"album"
<http://dbpedia.org/resource/4:13_Dream>,"studio"
<http://dbpedia.org/resource/4E_TV>,<http://dbpedia.org/resource/Television_broadcasting>
<http://dbpedia.org/resource/4chan>,<http://dbpedia.org/resource/Imageboard>
<http://dbpedia.org/resource/4th_Airmobile_Brigade_(France)>,<http://dbpedia.org/resource/French_Army_Light_Aviation>
<http://dbpedia.org/resource/4th_Luftwaffe_Field_Division_(Germany)>,<http://dbpedia.org/resource/Infantry>
<http://dbpedia.org/resource/4th_Rifle_Division_(Soviet_Union)>,"Infantry"
<http://dbpedia.org/resource/4x4_(Casiopea_album)>,<http://dbpedia.org/resource/Album>
<http://dbpedia.org/resource/4x4_(Casiopea_album)>,"album"
<http://dbpedia.org/resource/507th_Air_Refueling_Wing>,"Wing"
<http://dbpedia.org/resource/508th_Aerospace_Sustainment_Wing>,"Aircraft Support"
<http://dbpedia.org/resource/51/50_Ratchet>,"studio"
<http://dbpedia.org/resource/516th_Aeronautical_Systems_Wing>,"Aeronautical Systems"
<http://dbpedia.org/resource/528th_Sustainment_Brigade_(United_States)>,"Special Operations Support"
<http://dbpedia.org/resource/53rd_Illinois_Infantry_Regiment>,<http://dbpedia.org/resource/Infantry>
<http://dbpedia.org/resource/54th_Engineer_Battalion_(United_States)>,<http://dbpedia.org/resource/Engineer_Combat_Battalion>
<http://dbpedia.org/resource/564th_Missile_Squadron>,"Squadron"
<http://dbpedia.org/resource/56th_Infantry_Division_(German_Empire)>,"Infantry"
<http://dbpedia.org/resource/56th_Infantry_Division_(Wehrmacht)>,<http://dbpedia.org/resource/Infantry>
<http://dbpedia.org/resource/5_*_Stunna>,"studio"
<http://dbpedia.org/resource/5th_Guards_Tank_Army>,"Armored"
<http://dbpedia.org/resource/60_Miles_an_Hour>,"single"
<http://dbpedia.org/resource/60th_Illinois_Infantry_Regiment>,<http://dbpedia.org/resource/Infantry>
<http://dbpedia.org/resource/621st_Contingency_Response_Wing>,"Rapid Mobility Contingency Response Initial Airbase Holding"
<http://dbpedia.org/resource/6th_Bavarian_Reserve_Division>,"Infantry"
<http://dbpedia.org/resource/6th_King_Edward's_Own_Cavalry>,<http://dbpedia.org/resource/Cavalry>
<http://dbpedia.org/resource/6th_Luftwaffe_Field_Division_(Germany)>,<http://dbpedia.org/resource/Infantry>
<http://dbpedia.org/resource/6th_Reserve_Division_(German_Empire)>,"Infantry"
<http://dbpedia.org/resource/7.5_cm_Infanteriegeschütz_42>,<http://dbpedia.org/resource/Infantry_support_gun>
<http://dbpedia.org/resource/71st_Ordnance_Group_(EOD)>,"Support"
<http://dbpedia.org/resource/72nd_Mechanized_Brigade_(Ukraine)>,"Brigade"
<http://dbpedia.org/resource/732nd_Air_Expeditionary_Group>,"Air Expeditionary Group"
<http://dbpedia.org/resource/75th_Infantry_Regiment_(United_States)>,<http://dbpedia.org/resource/Infantry_Branch_(United_States)>
<http://dbpedia.org/resource/76_(album)>,"studio"
<http://dbpedia.org/resource/777_(video)>,"video"
<http://dbpedia.org/resource/79th_Group_Army>,<http://dbpedia.org/resource/Field_army>
<http://dbpedia.org/resource/7_Samurai_Sessions_-We're_Kavki_Boiz->,"Compilation"
<http://dbpedia.org/resource/7_veld>,<http://dbpedia.org/resource/Field_gun>
<http://dbpedia.org/resource/7th_Armoured_Brigade_(France)>,<http://dbpedia.org/resource/Armour>
<http://dbpedia.org/resource/7th_Fighter_Aviation_Division_(People's_Liberation_Army_Air_Force)>,"Fighter Wing"
<http://dbpedia.org/resource/7th_Psychological_Operations_Group>,"17"
<http://dbpedia.org/resource/805th_Pioneer_Infantry>,<http://dbpedia.org/resource/Combat_engineer>
<http://dbpedia.org/resource/80th_Group_Army>,<http://dbpedia.org/resource/Field_army>
<http://dbpedia.org/resource/815_Naval_Air_Squadron>,"Naval Air Squadron"
<http://dbpedia.org/resource/82-BM-37>,<http://dbpedia.org/resource/Mortar_(weapon)>
<http://dbpedia.org/resource/82-PM-41>,<http://dbpedia.org/resource/Mortar_(weapon)>
<http://dbpedia.org/resource/820th_Base_Defense_Group>,<http://dbpedia.org/resource/Air_force_ground_forces_and_special_forces>
<http://dbpedia.org/resource/82nd_Cavalry_Regiment>,"Light cavalry"
<http://dbpedia.org/resource/84th_Combat_Sustainment_Wing>,"Equipment Support"
<http://dbpedia.org/resource/8_cm_PAW_600>,<http://dbpedia.org/resource/Anti-tank_gun>
<http://dbpedia.org/resource/8_x_10_Tasveer>,"Soundtrack"
<http://dbpedia.org/resource/8th/7th_Battalion_Royal_Victoria_Regiment>,<http://dbpedia.org/resource/Infantry>
<http://dbpedia.org/resource/8th_SS_Cavalry_Division_Florian_Geyer>,<http://dbpedia.org/resource/Cavalry>
<http://dbpedia.org/resource/9.45-inch_Heavy_Mortar>,"Heavy trench mortar"
<http://dbpedia.org/resource/910th_Airlift_Wing>,<http://dbpedia.org/resource/Airlift>
<http://dbpedia.org/resource/914th_Air_Refueling_Wing>,<http://dbpedia.org/resource/Airlift>
<http://dbpedia.org/resource/916th_Air_Refueling_Wing>,"Wing"
<http://dbpedia.org/resource/917th_Wing>,<http://dbpedia.org/resource/Bomber>
<http://dbpedia.org/resource/917th_Wing>,<http://dbpedia.org/resource/Fighter_aircraft>
<http://dbpedia.org/resource/919th_Special_Operations_Wing>,"Wing"
<http://dbpedia.org/resource/920th_Rescue_Wing>,"Wing"
<http://dbpedia.org/resource/96/69>,"remix"
<http://dbpedia.org/resource/98th_Paratroopers_Division>,<http://dbpedia.org/resource/Paratrooper>
<http://dbpedia.org/resource/9_Lives_(Kat_DeLuna_album)>,"studio"
<http://dbpedia.org/resource/9th_Army_(Soviet_Union)>,<http://dbpedia.org/resource/Field_army>
<http://dbpedia.org/resource/9th_Empyrean>,"Album"
<http://dbpedia.org/resource/9th_Infantry_Division_(South_Korea)>,"Infantry division"
<http://dbpedia.org/resource/9th_Marine_Infantry_Brigade>,<http://dbpedia.org/resource/Armour>
