man1056,creditcard177
woman1668,creditcard263
woman1610,creditcard259
woman2808,creditcard443
man365,creditcard59
man2320,creditcard362
man819,creditcard145
woman3787,creditcard593
man4915,creditcard747
woman2490,creditcard390
man1271,creditcard211
man3116,creditcard484
woman242,creditcard38
man4473,creditcard689
man1066,creditcard181
man2657,creditcard423
man2865,creditcard449
woman731,creditcard132
man528,creditcard96
man5126,creditcard760
woman3992,creditcard626
man4265,creditcard660
woman3128,creditcard486
woman4426,creditcard681
woman810,creditcard142
man1779,creditcard278
man3567,creditcard557
man5526,creditcard792
woman3813,creditcard597
woman3589,creditcard563
man192,creditcard29
man3405,creditcard537
woman1133,creditcard186
woman3830,creditcard601
man592,creditcard106
woman321,creditcard51
woman2074,creditcard324
man4534,creditcard701
woman2475,creditcard384
man3504,creditcard549
man2910,creditcard452
woman1019,creditcard169
man2513,creditcard397
man834,creditcard148
woman9569,creditcard1002
woman4699,creditcard723
man2102,creditcard325
woman4715,creditcard725
woman7796,creditcard918
woman2501,creditcard394
man1345,creditcard222
woman7286,creditcard884
man2958,creditcard459
man1246,creditcard208
man725,creditcard131
man2388,creditcard371
man508,creditcard92
woman2168,creditcard344
woman2267,creditcard355
woman3333,creditcard524
man3811,creditcard596
man2796,creditcard442
woman1202,creditcard197
man12599,creditcard1165
woman493,creditcard87
man3448,creditcard544
woman2995,creditcard465
man4171,creditcard647
man1289,creditcard213
man2540,creditcard404
man5579,creditcard796
woman10145,creditcard1039
man4212,creditcard653
woman4258,creditcard659
man2948,creditcard457
man4295,creditcard663
man3458,creditcard545
man3671,creditcard576
woman7959,creditcard933
man2713,creditcard430
man626,creditcard112
man10636,creditcard1064
man1140,creditcard187
woman202,creditcard30
man666,creditcard121
woman11331,creditcard1095
man1251,creditcard209
man4663,creditcard719
woman1589,creditcard257
man3075,creditcard475
man497,creditcard89
woman3186,creditcard498
man8217,creditcard939
man4493,creditcard692
woman3858,creditcard604
woman1777,creditcard277
man1799,creditcard282
man12843,creditcard1177
woman1396,creditcard232
woman4471,creditcard687
man2117,creditcard327
man1424,creditcard234
man4166,creditcard645
woman716,creditcard128
woman3130,creditcard487
man4007,creditcard628
woman2308,creditcard360
woman8506,creditcard957
man2058,creditcard321
man2609,creditcard415
man4765,creditcard734
man2429,creditcard377
man3465,creditcard546
man5275,creditcard778
man3356,creditcard528
woman4941,creditcard751
man3267,creditcard514
man503,creditcard90
man1089,creditcard184
man4116,creditcard641
woman3279,creditcard516
man1168,creditcard191
man3519,creditcard552
man9641,creditcard1007
man608,creditcard110
woman4167,creditcard646
man3292,creditcard518
man12810,creditcard1176
woman4862,creditcard743
woman9717,creditcard1009
woman158,creditcard25
woman3201,creditcard502
man900,creditcard155
man3166,creditcard492
woman4083,creditcard635
man3782,creditcard592
man6610,creditcard847
woman4246,creditcard657
man457,creditcard75
man2157,creditcard342
man1011,creditcard167
man1833,creditcard290
woman5002,creditcard755
woman4763,creditcard732
man2555,creditcard407
man60,creditcard8
woman51,creditcard5
woman3794,creditcard594
woman4654,creditcard717
woman1027,creditcard171
woman4684,creditcard722
woman2175,creditcard345
woman2762,creditcard437
man9760,creditcard1014
man2203,creditcard348
woman272,creditcard45
man826,creditcard147
man2104,creditcard326
man3181,creditcard495
man447,creditcard72
man347,creditcard57
woman3850,creditcard603
man3821,creditcard598
man8359,creditcard946
woman12643,creditcard1167
woman4479,creditcard690
man4532,creditcard699
woman1836,creditcard291
man12850,creditcard1178
woman138,creditcard22
man1049,creditcard176
woman5012,creditcard756
woman7434,creditcard891
woman1242,creditcard205
man3037,creditcard471
woman12133,creditcard1138
woman3348,creditcard527
woman1316,creditcard217
man1244,creditcard207
woman11319,creditcard1093
man3896,creditcard611
man4507,creditcard695
woman4674,creditcard720
man174,creditcard28
woman77,creditcard10
man1059,creditcard179
woman128,creditcard18
woman3084,creditcard478
man1353,creditcard223
man2005,creditcard315
woman1529,creditcard252
woman2259,creditcard353
woman858,creditcard149
woman2841,creditcard446
man2659,creditcard424
man9933,creditcard1025
woman5249,creditcard774
man3136,creditcard490
man707,creditcard126
woman566,creditcard101
woman153,creditcard24
man597,creditcard108
woman87,creditcard13
man3425,creditcard540
man1954,creditcard311
man1754,creditcard272
woman3173,creditcard494
woman326,creditcard52
man2768,creditcard438
man2395,creditcard372
woman3066,creditcard474
woman1359,creditcard225
woman1179,creditcard193
man3187,creditcard499
man4188,creditcard648
man5128,creditcard761
man2431,creditcard379
woman1819,creditcard287
man2045,creditcard320
woman5175,creditcard765
man3943,creditcard616
man254,creditcard39
woman3627,creditcard571
man1807,creditcard284
woman4340,creditcard668
woman4974,creditcard753
woman4231,creditcard655
woman2527,creditcard399
man1629,creditcard261
woman9427,creditcard989
woman496,creditcard88
woman822,creditcard146
man4115,creditcard640
man4376,creditcard675
man1842,creditcard292
man2606,creditcard414
man3382,creditcard532
woman4588,creditcard710
woman2428,creditcard376
man1913,creditcard304
man3829,creditcard600
woman268,creditcard44
woman3994,creditcard627
woman466,creditcard77
man12050,creditcard1134
woman3056,creditcard472
woman76,creditcard9
man264,creditcard42
man2542,creditcard405
man12662,creditcard1169
man2715,creditcard431
woman3959,creditcard620
woman4901,creditcard746
woman999,creditcard166
woman2156,creditcard341
man5478,creditcard786
woman3236,creditcard506
man2532,creditcard401
woman12577,creditcard1164
man4764,creditcard733
man6275,creditcard831
man3938,creditcard614
woman3984,creditcard623
man3913,creditcard613
woman3414,creditcard538
man3337,creditcard525
woman3036,creditcard470
woman5200,creditcard766
woman2924,creditcard455
man688,creditcard124
man471,creditcard80
man2065,creditcard323
man2616,creditcard416
man4100,creditcard638
woman3885,creditcard607
woman1795,creditcard281
man1525,creditcard251
man886,creditcard153
woman4518,creditcard697
woman238,creditcard37
man2184,creditcard347
man8502,creditcard956
woman273,creditcard46
woman4345,creditcard671
man2626,creditcard419
woman1438,creditcard235
man4094,creditcard637
woman3404,creditcard536
woman1473,creditcard242
woman3721,creditcard581
woman1194,creditcard195
man2572,creditcard411
man876,creditcard152
man4069,creditcard632
man1018,creditcard168
woman11497,creditcard1103
man11195,creditcard1087
woman3360,creditcard530
man5376,creditcard782
man3253,creditcard509
woman4018,creditcard629
man1461,creditcard241
man3063,creditcard473
woman1169,creditcard192
woman1483,creditcard245
woman4723,creditcard727
woman4360,creditcard674
man451,creditcard73
woman1691,creditcard267
woman5461,creditcard784
man2481,creditcard387
man4495,creditcard693
man4701,creditcard724
man378,creditcard63
woman13750,creditcard1239
man2562,creditcard409
woman11596,creditcard1111
man112,creditcard14
man9276,creditcard977
woman2888,creditcard451
woman1384,creditcard229
man1718,creditcard269
woman12079,creditcard1137
man3535,creditcard554
woman5263,creditcard776
woman4832,creditcard741
man5727,creditcard803
man2164,creditcard343
man808,creditcard141
man3245,creditcard507
woman4091,creditcard636
woman1080,creditcard183
woman4789,creditcard736
woman7855,creditcard923
man441,creditcard71
woman12750,creditcard1173
woman1522,creditcard250
woman791,creditcard138
woman2478,creditcard386
man3699,creditcard579
woman11371,creditcard1098
woman4353,creditcard673
woman954,creditcard160
man5204,creditcard767
woman667,creditcard122
man13201,creditcard1203
man2121,creditcard328
woman5253,creditcard775
woman593,creditcard107
man3606,creditcard566
woman1512,creditcard248
woman12396,creditcard1155
woman2488,creditcard388
man132,creditcard21
man489,creditcard85
woman4437,creditcard683
woman255,creditcard40
man4341,creditcard669
man305,creditcard49
man231,creditcard35
woman473,creditcard81
woman4328,creditcard666
man1946,creditcard309
man907,creditcard157
woman4343,creditcard670
woman3713,creditcard580
woman6644,creditcard850
woman12986,creditcard1188
woman1938,creditcard308
woman146,creditcard23
man3636,creditcard572
man5224,creditcard769
woman309,creditcard50
woman280,creditcard47
man3824,creditcard599
woman3515,creditcard550
woman4516,creditcard696
man3735,creditcard583
woman4318,creditcard665
woman2688,creditcard427
man12802,creditcard1175
woman2133,creditcard334
woman1418,creditcard233
woman2982,creditcard463
man2911,creditcard453
man714,creditcard127
man2785,creditcard441
man9,creditcard1
woman161,creditcard26
man3225,creditcard503
woman1793,creditcard280
man2268,creditcard356
man797,creditcard139
woman1453,creditcard239
man6196,creditcard824
man13690,creditcard1233
woman588,creditcard104
woman2128,creditcard333
woman2425,creditcard375
woman1930,creditcard307
man13051,creditcard1193
woman2698,creditcard428
man510,creditcard93
woman3583,creditcard562
woman5223,creditcard768
woman1220,creditcard200
man5433,creditcard783
woman1098,creditcard185
man2522,creditcard398
man3134,creditcard488
man4823,creditcard740
woman4492,creditcard691
woman4211,creditcard652
man236,creditcard36
woman5684,creditcard801
man7567,creditcard896
man2496,creditcard392
man12144,creditcard1139
man56,creditcard7
woman3573,creditcard559
woman1197,creditcard196
man3601,creditcard565
woman4467,creditcard685
man655,creditcard119
woman3756,creditcard586
woman4553,creditcard704
woman3766,creditcard589
man548,creditcard99
man3387,creditcard534
man719,creditcard129
man13576,creditcard1225
man3894,creditcard610
man6468,creditcard841
man1500,creditcard247
man7683,creditcard906
man3522,creditcard553
man474,creditcard82
man2141,creditcard337
man1211,creditcard198
woman12328,creditcard1150
man2324,creditcard363
man4019,creditcard630
woman3102,creditcard481
man1459,creditcard240
man2423,creditcard374
man2929,creditcard456
woman131,creditcard20
woman83,creditcard12
woman6255,creditcard829
man41,creditcard3
woman2489,creditcard389
man3256,creditcard510
woman464,creditcard76
woman167,creditcard27
woman2332,creditcard365
man3751,creditcard584
woman3763,creditcard587
woman9555,creditcard1001
man769,creditcard134
woman13406,creditcard1217
man1864,creditcard295
woman3357,creditcard529
man967,creditcard162
man11683,creditcard1115
woman439,creditcard70
woman3268,creditcard515
man8342,creditcard945
woman646,creditcard116
woman4680,creditcard721
man3291,creditcard517
woman3104,creditcard482
woman1382,creditcard228
woman1157,creditcard189
man4929,creditcard749
man2265,creditcard354
man504,creditcard91
man12991,creditcard1189
man3906,creditcard612
man4791,creditcard737
woman5138,creditcard763
woman3590,creditcard564
man13044,creditcard1192
woman2015,creditcard317
woman3167,creditcard493
man10043,creditcard1036
man1478,creditcard243
woman4546,creditcard703
woman928,creditcard158
man9914,creditcard1022
man9721,creditcard1010
man468,creditcard78
man5013,creditcard757
woman5232,creditcard770
woman2124,creditcard330
woman4937,creditcard750
woman256,creditcard41
woman963,creditcard161
woman4863,creditcard744
man4568,creditcard708
man4137,creditcard642
man2329,creditcard364
woman1020,creditcard170
man13620,creditcard1230
man992,creditcard164
woman429,creditcard67
man2146,creditcard338
woman562,creditcard100
woman1243,creditcard206
man1329,creditcard219
man3779,creditcard591
woman434,creditcard68
man3135,creditcard489
woman5468,creditcard785
woman127,creditcard17
man4112,creditcard639
woman2971,creditcard460
man1339,creditcard221
man3769,creditcard590
man483,creditcard83
man4560,creditcard707
woman11545,creditcard1105
woman4749,creditcard730
man7672,creditcard904
woman1253,creditcard210
woman12378,creditcard1154
woman2154,creditcard339
man2529,creditcard400
man2374,creditcard370
woman3733,creditcard582
woman370,creditcard60
man3026,creditcard469
woman335,creditcard55
man9457,creditcard991
woman10095,creditcard1038
man2782,creditcard440
woman1182,creditcard194
woman1228,creditcard202
man438,creditcard69
woman4721,creditcard726
man7195,creditcard882
woman2951,creditcard458
man13968,creditcard1247
man4251,creditcard658
woman414,creditcard65
man1980,creditcard313
man5132,creditcard762
man537,creditcard98
woman3753,creditcard585
man7576,creditcard897
woman859,creditcard150
man2493,creditcard391
man1765,creditcard276
man8030,creditcard936
man3115,creditcard483
man3687,creditcard577
woman5978,creditcard819
woman1971,creditcard312
woman1296,creditcard215
man2430,creditcard378
man3233,creditcard505
man4543,creditcard702
man4165,creditcard644
man2232,creditcard351
man6753,creditcard854
man5117,creditcard759
man267,creditcard43
man453,creditcard74
man2977,creditcard461
woman3319,creditcard523
woman6567,creditcard844
woman3616,creditcard569
woman8392,creditcard951
woman2476,creditcard385
man12943,creditcard1187
man1900,creditcard302
woman1583,creditcard256
woman4316,creditcard664
woman208,creditcard31
woman2592,creditcard413
woman9929,creditcard1023
woman1791,creditcard279
woman5016,creditcard758
man2569,creditcard410
woman3958,creditcard619
woman887,creditcard154
woman1647,creditcard262
man1616,creditcard260
man4417,creditcard680
woman2502,creditcard395
woman1223,creditcard201
woman3260,creditcard513
man1517,creditcard249
woman1322,creditcard218
woman649,creditcard117
man1280,creditcard212
man4751,creditcard731
man1758,creditcard273
woman2921,creditcard454
man662,creditcard120
woman13134,creditcard1199
man2440,creditcard381
man4533,creditcard700
woman4504,creditcard694
man3197,creditcard501
woman9593,creditcard1005
woman3517,creditcard551
woman7186,creditcard880
man4333,creditcard667
man3023,creditcard468
woman11409,creditcard1100
woman4405,creditcard678
man652,creditcard118
man130,creditcard19
woman114,creditcard15
woman5245,creditcard773
man6906,creditcard863
man2498,creditcard393
woman469,creditcard79
woman6301,creditcard834
man984,creditcard163
woman13694,creditcard1234
man2361,creditcard368
man786,creditcard137
woman3874,creditcard605
woman2686,creditcard426
man4061,creditcard631
woman3124,creditcard485
man4944,creditcard752
man10198,creditcard1040
man1213,creditcard199
man1899,creditcard301
man3395,creditcard535
man13113,creditcard1196
man4457,creditcard684
woman2126,creditcard332
man4201,creditcard651
woman996,creditcard165
woman3611,creditcard567
man2138,creditcard336
man7422,creditcard890
woman2984,creditcard464
woman1812,creditcard286
man2650,creditcard422
man2724,creditcard433
man3981,creditcard622
man13539,creditcard1223
woman10798,creditcard1070
man4627,creditcard713
man1030,creditcard172
man3568,creditcard558
woman2235,creditcard352
man333,creditcard53
man3439,creditcard542
man1669,creditcard264
man2536,creditcard402
man3667,creditcard575
woman4833,creditcard742
man19,creditcard2
man4081,creditcard634
woman1578,creditcard254
woman798,creditcard140
woman3230,creditcard504
woman3689,creditcard578
woman4660,creditcard718
man2709,creditcard429
man2445,creditcard382
man3192,creditcard500
man1040,creditcard175
man4472,creditcard688
man4190,creditcard649
woman2623,creditcard418
woman4808,creditcard738
woman1885,creditcard298
man10912,creditcard1076
woman3577,creditcard560
man3640,creditcard574
woman219,creditcard32
man11701,creditcard1118
man10282,creditcard1043
woman2122,creditcard329
man3308,creditcard520
man1876,creditcard296
woman10040,creditcard1035
man6764,creditcard855
man1579,creditcard255
man3019,creditcard467
man906,creditcard156
man5563,creditcard795
man4416,creditcard679
man4976,creditcard754
woman6178,creditcard823
woman2978,creditcard462
man2277,creditcard357
man13095,creditcard1195
woman3970,creditcard621
man3987,creditcard625
woman9582,creditcard1003
woman1380,creditcard227
man4740,creditcard729
man1947,creditcard310
woman584,creditcard103
woman1759,creditcard274
man3615,creditcard568
man2739,creditcard434
man629,creditcard113
man1333,creditcard220
woman1165,creditcard190
man531,creditcard97
man590,creditcard105
man6299,creditcard833
woman2013,creditcard316
woman1390,creditcard231
woman8366,creditcard947
man5233,creditcard771
woman5333,creditcard780
woman1388,creditcard230
woman5873,creditcard813
woman2226,creditcard350
woman5521,creditcard791
woman13089,creditcard1194
man116,creditcard16
woman3985,creditcard624
man2214,creditcard349
woman605,creditcard109
woman1999,creditcard314
woman1736,creditcard270
woman2299,creditcard359
man5911,creditcard814
woman3085,creditcard479
woman5323,creditcard779
man5243,creditcard772
man13468,creditcard1220
woman4638,creditcard714
woman6039,creditcard820
man3297,creditcard519
man334,creditcard54
woman4559,creditcard706
man225,creditcard34
woman4772,creditcard735
man402,creditcard64
woman1231,creditcard203
man4382,creditcard677
man2759,creditcard436
man4923,creditcard748
woman2063,creditcard322
woman10528,creditcard1056
man3947,creditcard618
woman615,creditcard111
woman2508,creditcard396
woman2137,creditcard335
man9833,creditcard1016
man13405,creditcard1216
man3620,creditcard570
woman2434,creditcard380
man3883,creditcard606
woman4349,creditcard672
man4725,creditcard728
man2287,creditcard358
woman2864,creditcard448
man4651,creditcard716
woman3384,creditcard533
woman3846,creditcard602
woman3184,creditcard497
woman2560,creditcard408
man3893,creditcard609
woman3339,creditcard526
man1886,creditcard299
man2820,creditcard445
man3501,creditcard548
woman2335,creditcard366
woman1850,creditcard293
woman1607,creditcard258
woman10543,creditcard1059
woman3765,creditcard588
man1067,creditcard182
woman4230,creditcard654
man1707,creditcard268
man4555,creditcard705
man4078,creditcard633
woman3257,creditcard511
man9930,creditcard1024
man2779,creditcard439
man2343,creditcard367
woman487,creditcard84
man3378,creditcard531
man7127,creditcard874
man694,creditcard125
woman4592,creditcard711
man3477,creditcard547
woman1680,creditcard265
woman2644,creditcard421
woman1492,creditcard246
woman221,creditcard33
man6789,creditcard857
man3890,creditcard608
woman513,creditcard94
man1912,creditcard303
woman3544,creditcard555
man490,creditcard86
woman742,creditcard133
man3079,creditcard476
man1480,creditcard244
man1445,creditcard237
man2155,creditcard340
woman2619,creditcard417
man339,creditcard56
man1831,creditcard289
man4429,creditcard682
woman2038,creditcard319
man946,creditcard159
woman3092,creditcard480
woman5366,creditcard781
man374,creditcard61
woman1536,creditcard253
woman79,creditcard11
man2125,creditcard331
woman3638,creditcard573
man7325,creditcard886
woman11491,creditcard1102
woman1031,creditcard173
man2815,creditcard444
woman1310,creditcard216
woman1914,creditcard305
man1292,creditcard214
woman722,creditcard130
man3249,creditcard508
man3310,creditcard521
woman4293,creditcard662
woman4194,creditcard650
man1811,creditcard285
man4380,creditcard676
man5159,creditcard764
man1057,creditcard178
woman3082,creditcard477
woman1378,creditcard226
man519,creditcard95
man3259,creditcard512
man1440,creditcard236
woman1929,creditcard306
man2662,creditcard425
woman861,creditcard151
woman1883,creditcard297
woman4235,creditcard656
woman1452,creditcard238
woman1039,creditcard174
woman4270,creditcard661
woman1890,creditcard300
woman8636,creditcard965
man1762,creditcard275
man3183,creditcard496
man295,creditcard48
woman2740,creditcard435
woman638,creditcard115
woman4587,creditcard709
woman8295,creditcard942
woman1800,creditcard283
man7862,creditcard924
man11004,creditcard1081
man425,creditcard66
woman3415,creditcard539
man2363,creditcard369
woman2177,creditcard346
woman358,creditcard58
man4157,creditcard643
woman2401,creditcard373
woman816,creditcard143
man575,creditcard102
man1146,creditcard188
man3427,creditcard541
woman4821,creditcard739
man2548,creditcard406
woman2585,creditcard412
man4639,creditcard715
man2845,creditcard447
man2998,creditcard466
man778,creditcard136
man1861,creditcard294
woman2469,creditcard383
man679,creditcard123
woman3151,creditcard491
man2880,creditcard450
man1826,creditcard288
man2538,creditcard403
man3581,creditcard561
man3944,creditcard617
woman4522,creditcard698
woman1690,creditcard266
woman10479,creditcard1055
man42,creditcard4
woman1239,creditcard204
woman2312,creditcard361
man1062,creditcard180
