loan6063,lsvProblemStatus
loan5519,lsvOKStatus
loan5314,lsvProblemStatus
loan7235,lsvOKStatus
loan6569,lsvOKStatus
loan5126,lsvProblemStatus
loan6970,lsvOKStatus
loan7072,lsvOKStatus
loan7136,lsvOKStatus
loan6871,lsvOKStatus
loan5072,lsvProblemStatus
loan5366,lsvOKStatus
loan5110,lsvOKStatus
loan6278,lsvOKStatus
loan6668,lsvOKStatus
loan5041,lsvOKStatus
loan7171,lsvOKStatus
loan7067,lsvOKStatus
loan5841,lsvOKStatus
loan6866,lsvOKStatus
loan5988,lsvOKStatus
loan5470,lsvOKStatus
loan6313,lsvOKStatus
loan5435,lsvOKStatus
loan6655,lsvProblemStatus
loan7166,lsvOKStatus
loan5158,lsvOKStatus
loan6007,lsvOKStatus
loan6495,lsvOKStatus
loan5051,lsvOKStatus
loan5930,lsvOKStatus
loan6402,lsvOKStatus
loan7181,lsvOKStatus
loan5889,lsvOKStatus
loan6856,lsvOKStatus
loan6955,lsvOKStatus
loan6600,lsvOKStatus
loan5148,lsvOKStatus
loan6386,lsvOKStatus
loan5940,lsvOKStatus
loan7255,lsvOKStatus
loan7057,lsvOKStatus
loan5445,lsvOKStatus
loan5346,lsvOKStatus
loan6727,lsvOKStatus
loan6151,lsvOKStatus
loan6215,lsvOKStatus
loan6998,lsvOKStatus
loan5125,lsvOKStatus
loan5313,lsvOKStatus
loan5549,lsvOKStatus
loan7199,lsvOKStatus
loan5501,lsvOKStatus
loan5638,lsvOKStatus
loan5861,lsvOKStatus
loan5584,lsvOKStatus
loan6940,lsvOKStatus
loan6052,lsvOKStatus
loan7230,lsvOKStatus
loan6841,lsvOKStatus
loan6037,lsvOKStatus
loan5495,lsvOKStatus
loan7189,lsvOKStatus
loan6574,lsvOKStatus
loan7304,lsvOKStatus
loan5214,lsvOKStatus
loan7240,lsvOKStatus
loan5140,lsvOKStatus
loan6539,lsvOKStatus
loan6737,lsvOKStatus
loan6490,lsvOKStatus
loan6836,lsvOKStatus
loan7250,lsvOKStatus
loan7037,lsvOKStatus
loan6136,lsvOKStatus
loan5976,lsvProblemStatus
loan6072,lsvOKStatus
loan6960,lsvOKStatus
loan5683,lsvOKStatus
loan6861,lsvOKStatus
loan6235,lsvOKStatus
loan6625,lsvProblemStatus
loan6643,lsvOKStatus
loan5782,lsvOKStatus
loan5758,lsvProblemStatus
loan5287,lsvOKStatus
loan7097,lsvProblemStatus
loan5772,lsvOKStatus
loan6950,lsvOKStatus
loan5836,lsvOKStatus
loan6650,lsvProblemStatus
loan7151,lsvOKStatus
loan5130,lsvOKStatus
loan5991,lsvProblemStatus
loan5970,lsvOKStatus
loan6356,lsvOKStatus
loan5892,lsvProblemStatus
loan6554,lsvOKStatus
loan5420,lsvOKStatus
loan7034,lsvOKStatus
loan6633,lsvOKStatus
loan4961,lsvProblemStatus
loan5656,lsvOKStatus
loan6544,lsvOKStatus
loan5207,lsvOKStatus
loan7295,lsvOKStatus
loan5681,lsvOKStatus
loan5918,lsvOKStatus
loan5389,lsvOKStatus
loan6346,lsvOKStatus
loan6435,lsvOKStatus
loan6534,lsvOKStatus
loan6732,lsvOKStatus
loan6470,lsvOKStatus
loan6859,lsvOKStatus
loan5352,lsvProblemStatus
loan6509,lsvOKStatus
loan6336,lsvOKStatus
loan6077,lsvOKStatus
loan5953,lsvOKStatus
loan5582,lsvOKStatus
loan5765,lsvOKStatus
loan5039,lsvOKStatus
loan6696,lsvOKStatus
loan6460,lsvOKStatus
loan6613,lsvOKStatus
loan6712,lsvOKStatus
loan5212,lsvOKStatus
loan5963,lsvOKStatus
loan6450,lsvOKStatus
loan5369,lsvOKStatus
loan6821,lsvOKStatus
loan5311,lsvOKStatus
loan5790,lsvOKStatus
loan5237,lsvOKStatus
loan6415,lsvOKStatus
loan6103,lsvOKStatus
loan7176,lsvOKStatus
loan5938,lsvOKStatus
loan6087,lsvOKStatus
loan6399,lsvOKStatus
loan6594,lsvProblemStatus
loan6004,lsvOKStatus
loan5450,lsvOKStatus
loan6202,lsvOKStatus
loan6785,lsvOKStatus
loan6097,lsvOKStatus
loan5138,lsvOKStatus
loan6014,lsvOKStatus
loan6686,lsvOKStatus
loan6196,lsvOKStatus
loan6113,lsvOKStatus
loan5817,lsvProblemStatus
loan5973,lsvOKStatus
loan7202,lsvOKStatus
loan6306,lsvOKStatus
loan5034,lsvOKStatus
loan5316,lsvOKStatus
loan6342,lsvProblemStatus
loan6790,lsvOKStatus
loan5900,lsvOKStatus
loan5624,lsvProblemStatus
loan6948,lsvOKStatus
loan5351,lsvOKStatus
loan5931,lsvProblemStatus
loan6676,lsvOKStatus
loan5044,lsvOKStatus
loan6577,lsvOKStatus
loan6938,lsvOKStatus
loan7087,lsvOKStatus
loan7004,lsvOKStatus
loan6321,lsvOKStatus
loan4990,lsvOKStatus
loan6745,lsvOKStatus
loan5043,lsvOKStatus
loan5719,lsvOKStatus
loan6933,lsvOKStatus
loan5591,lsvOKStatus
loan5932,lsvOKStatus
loan7035,lsvOKStatus
loan5368,lsvOKStatus
loan5132,lsvOKStatus
loan6468,lsvOKStatus
loan6923,lsvOKStatus
loan6019,lsvOKStatus
loan5221,lsvOKStatus
loan5942,lsvOKStatus
loan6207,lsvOKStatus
loan6044,lsvOKStatus
loan6303,lsvProblemStatus
loan5320,lsvOKStatus
loan6755,lsvOKStatus
loan6501,lsvProblemStatus
loan5808,lsvOKStatus
loan5358,lsvOKStatus
loan7119,lsvOKStatus
loan6242,lsvOKStatus
loan5805,lsvProblemStatus
loan6118,lsvOKStatus
loan5482,lsvOKStatus
loan7055,lsvOKStatus
loan6054,lsvOKStatus
loan5665,lsvOKStatus
loan5310,lsvOKStatus
loan6819,lsvOKStatus
loan5045,lsvProblemStatus
loan7233,lsvOKStatus
loan5060,lsvProblemStatus
loan6064,lsvOKStatus
loan6865,lsvProblemStatus
loan6153,lsvOKStatus
loan5208,lsvProblemStatus
loan7243,lsvOKStatus
loan5556,lsvOKStatus
loan6908,lsvOKStatus
loan7066,lsvProblemStatus
loan6227,lsvOKStatus
loan5754,lsvOKStatus
loan6715,lsvOKStatus
loan5325,lsvOKStatus
loan6887,lsvOKStatus
loan5350,lsvOKStatus
loan5774,lsvOKStatus
loan7104,lsvOKStatus
loan6682,lsvProblemStatus
loan6699,lsvOKStatus
loan6244,lsvProblemStatus
loan7088,lsvOKStatus
loan5414,lsvOKStatus
loan7187,lsvOKStatus
loan5360,lsvOKStatus
loan5593,lsvProblemStatus
loan6562,lsvOKStatus
loan6552,lsvOKStatus
loan6725,lsvOKStatus
loan5226,lsvOKStatus
loan5739,lsvOKStatus
loan6877,lsvOKStatus
loan6272,lsvOKStatus
loan6173,lsvOKStatus
loan5576,lsvOKStatus
loan6354,lsvOKStatus
loan6059,lsvOKStatus
loan5388,lsvOKStatus
loan5241,lsvOKStatus
loan5117,lsvOKStatus
loan6913,lsvOKStatus
loan6996,lsvOKStatus
loan5395,lsvProblemStatus
loan5893,lsvOKStatus
loan7286,lsvOKStatus
loan6730,lsvOKStatus
loan7050,lsvOKStatus
loan7209,lsvProblemStatus
loan5398,lsvOKStatus
loan6641,lsvOKStatus
loan5586,lsvOKStatus
loan5206,lsvOKStatus
loan6011,lsvOKStatus
loan7213,lsvOKStatus
loan6903,lsvOKStatus
loan5620,lsvOKStatus
loan6793,lsvOKStatus
loan7241,lsvProblemStatus
loan6857,lsvOKStatus
loan5980,lsvOKStatus
loan6309,lsvOKStatus
loan7194,lsvOKStatus
loan6175,lsvProblemStatus
loan5531,lsvOKStatus
loan7200,lsvOKStatus
loan5318,lsvOKStatus
loan6168,lsvOKStatus
loan5784,lsvProblemStatus
loan6120,lsvOKStatus
loan5209,lsvOKStatus
loan5693,lsvOKStatus
loan5610,lsvOKStatus
loan5589,lsvOKStatus
loan6178,lsvOKStatus
loan6621,lsvOKStatus
loan5343,lsvOKStatus
loan6239,lsvProblemStatus
loan5145,lsvOKStatus
loan6872,lsvOKStatus
loan6437,lsvProblemStatus
loan7220,lsvOKStatus
loan5876,lsvOKStatus
loan6006,lsvOKStatus
loan5170,lsvOKStatus
loan6512,lsvOKStatus
loan6748,lsvOKStatus
loan5569,lsvOKStatus
loan6013,lsvProblemStatus
loan4962,lsvOKStatus
loan6112,lsvProblemStatus
loan6130,lsvOKStatus
loan6585,lsvOKStatus
loan6502,lsvOKStatus
loan5160,lsvOKStatus
loan5086,lsvOKStatus
loan6758,lsvOKStatus
loan7142,lsvProblemStatus
loan6694,lsvOKStatus
loan6358,lsvProblemStatus
loan6659,lsvOKStatus
loan6956,lsvOKStatus
loan7121,lsvOKStatus
loan6763,lsvOKStatus
loan5061,lsvOKStatus
loan7164,lsvOKStatus
loan7253,lsvOKStatus
loan6852,lsvOKStatus
loan5561,lsvOKStatus
loan5036,lsvOKStatus
loan7139,lsvOKStatus
loan6403,lsvOKStatus
loan7122,lsvProblemStatus
loan6486,lsvOKStatus
loan6297,lsvOKStatus
loan7263,lsvOKStatus
loan7154,lsvOKStatus
loan5698,lsvOKStatus
loan6817,lsvOKStatus
loan6150,lsvOKStatus
loan5731,lsvProblemStatus
loan7129,lsvOKStatus
loan5886,lsvOKStatus
loan6377,lsvOKStatus
loan5046,lsvOKStatus
loan7085,lsvOKStatus
loan5823,lsvOKStatus
loan5452,lsvOKStatus
loan5635,lsvOKStatus
loan5599,lsvOKStatus
loan6961,lsvOKStatus
loan7101,lsvOKStatus
loan5063,lsvProblemStatus
loan6753,lsvOKStatus
loan6234,lsvOKStatus
loan5526,lsvOKStatus
loan5922,lsvOKStatus
loan5229,lsvOKStatus
loan6926,lsvOKStatus
loan7294,lsvOKStatus
loan5332,lsvOKStatus
loan5520,lsvOKStatus
loan6456,lsvOKStatus
loan5338,lsvProblemStatus
loan5479,lsvOKStatus
loan6969,lsvOKStatus
loan6357,lsvOKStatus
loan7259,lsvOKStatus
loan6705,lsvProblemStatus
loan6580,lsvOKStatus
loan5363,lsvProblemStatus
loan6471,lsvOKStatus
loan6986,lsvProblemStatus
loan5657,lsvOKStatus
loan7013,lsvOKStatus
loan5625,lsvProblemStatus
loan7096,lsvOKStatus
loan7195,lsvOKStatus
loan6895,lsvOKStatus
loan5682,lsvOKStatus
loan6644,lsvOKStatus
loan5724,lsvProblemStatus
loan6254,lsvOKStatus
loan5880,lsvOKStatus
loan6545,lsvOKStatus
loan5494,lsvOKStatus
loan6436,lsvOKStatus
loan6190,lsvOKStatus
loan5134,lsvOKStatus
loan6229,lsvOKStatus
loan7279,lsvOKStatus
loan6624,lsvOKStatus
loan5269,lsvProblemStatus
loan7008,lsvOKStatus
loan6535,lsvOKStatus
loan6066,lsvOKStatus
loan7221,lsvOKStatus
loan5312,lsvOKStatus
loan5124,lsvOKStatus
loan4973,lsvOKStatus
loan5568,lsvOKStatus
loan6076,lsvOKStatus
loan5865,lsvOKStatus
loan6461,lsvOKStatus
loan5469,lsvOKStatus
loan6921,lsvOKStatus
loan5002,lsvOKStatus
loan6362,lsvOKStatus
loan6875,lsvOKStatus
loan5614,lsvOKStatus
loan5525,lsvOKStatus
loan6687,lsvOKStatus
loan6550,lsvOKStatus
loan6232,lsvProblemStatus
loan6185,lsvOKStatus
loan4988,lsvProblemStatus
loan6249,lsvOKStatus
loan5174,lsvOKStatus
loan6499,lsvOKStatus
loan6540,lsvOKStatus
loan6929,lsvOKStatus
loan6598,lsvOKStatus
loan7264,lsvOKStatus
loan5337,lsvOKStatus
loan6984,lsvOKStatus
loan7249,lsvOKStatus
loan6766,lsvOKStatus
loan6578,lsvOKStatus
loan5447,lsvProblemStatus
loan5723,lsvOKStatus
loan5959,lsvOKStatus
loan6294,lsvOKStatus
loan6520,lsvOKStatus
loan6949,lsvOKStatus
loan5451,lsvOKStatus
loan7201,lsvOKStatus
loan7284,lsvOKStatus
loan5253,lsvOKStatus
loan5713,lsvOKStatus
loan5895,lsvOKStatus
loan6677,lsvOKStatus
loan5154,lsvOKStatus
loan5419,lsvOKStatus
loan5779,lsvOKStatus
loan7271,lsvOKStatus
loan6322,lsvOKStatus
loan6316,lsvProblemStatus
loan6934,lsvOKStatus
loan6421,lsvOKStatus
loan6279,lsvOKStatus
loan6738,lsvProblemStatus
loan5992,lsvOKStatus
loan5878,lsvOKStatus
loan7172,lsvOKStatus
loan6667,lsvOKStatus
loan5390,lsvOKStatus
loan5429,lsvOKStatus
loan5868,lsvOKStatus
loan5281,lsvOKStatus
loan5005,lsvOKStatus
loan7147,lsvOKStatus
loan6791,lsvOKStatus
loan6568,lsvOKStatus
loan5088,lsvOKStatus
loan6469,lsvOKStatus
loan7246,lsvOKStatus
loan6142,lsvOKStatus
loan6736,lsvOKStatus
loan6312,lsvOKStatus
loan5523,lsvOKStatus
loan7167,lsvOKStatus
loan5799,lsvOKStatus
loan6855,lsvOKStatus
loan6043,lsvOKStatus
loan5977,lsvOKStatus
loan5741,lsvOKStatus
loan5015,lsvOKStatus
loan6028,lsvOKStatus
loan5706,lsvOKStatus
loan5533,lsvOKStatus
loan6216,lsvOKStatus
loan6237,lsvProblemStatus
loan5147,lsvOKStatus
loan5236,lsvOKStatus
loan6919,lsvOKStatus
loan6302,lsvOKStatus
loan6647,lsvOKStatus
loan5830,lsvOKStatus
loan5409,lsvOKStatus
loan6746,lsvOKStatus
loan5172,lsvOKStatus
loan7192,lsvOKStatus
loan6944,lsvOKStatus
loan5997,lsvOKStatus
loan5385,lsvOKStatus
loan5449,lsvOKStatus
loan5850,lsvOKStatus
loan6474,lsvOKStatus
loan6751,lsvOKStatus
loan7305,lsvOKStatus
loan6888,lsvOKStatus
loan6805,lsvOKStatus
loan6073,lsvOKStatus
loan6726,lsvOKStatus
loan5815,lsvOKStatus
loan6464,lsvOKStatus
loan6137,lsvOKStatus
loan6038,lsvOKStatus
loan5464,lsvOKStatus
loan4968,lsvOKStatus
loan7137,lsvOKStatus
loan7226,lsvOKStatus
loan6642,lsvOKStatus
loan6607,lsvOKStatus
loan5365,lsvOKStatus
loan6147,lsvOKStatus
loan6553,lsvOKStatus
loan5563,lsvOKStatus
loan6355,lsvOKStatus
loan5909,lsvOKStatus
loan6959,lsvProblemStatus
loan5375,lsvOKStatus
loan5856,lsvProblemStatus
loan6083,lsvOKStatus
loan4989,lsvOKStatus
loan6810,lsvOKStatus
loan6075,lsvProblemStatus
loan5532,lsvOKStatus
loan6816,lsvProblemStatus
loan6157,lsvOKStatus
loan5956,lsvOKStatus
loan6508,lsvOKStatus
loan6010,lsvOKStatus
loan7110,lsvOKStatus
loan6721,lsvOKStatus
loan5415,lsvProblemStatus
loan6632,lsvOKStatus
loan5354,lsvOKStatus
loan5245,lsvOKStatus
loan6228,lsvProblemStatus
loan6851,lsvProblemStatus
loan5669,lsvOKStatus
loan5418,lsvOKStatus
loan7001,lsvOKStatus
loan7100,lsvOKStatus
loan5319,lsvOKStatus
loan6878,lsvOKStatus
loan5282,lsvProblemStatus
loan6596,lsvOKStatus
loan5804,lsvOKStatus
loan6078,lsvOKStatus
loan7292,lsvOKStatus
loan5270,lsvOKStatus
loan5887,lsvOKStatus
loan6820,lsvOKStatus
loan5260,lsvOKStatus
loan6350,lsvOKStatus
loan6088,lsvOKStatus
loan5877,lsvOKStatus
loan6104,lsvOKStatus
loan6695,lsvOKStatus
loan6612,lsvOKStatus
loan7168,lsvOKStatus
loan6868,lsvOKStatus
loan6992,lsvOKStatus
loan5334,lsvOKStatus
loan5136,lsvOKStatus
loan6315,lsvOKStatus
loan5897,lsvOKStatus
loan6015,lsvOKStatus
loan4959,lsvOKStatus
loan5725,lsvOKStatus
loan5285,lsvOKStatus
loan5301,lsvOKStatus
loan7242,lsvOKStatus
loan6675,lsvOKStatus
loan5750,lsvOKStatus
loan5103,lsvOKStatus
loan6111,lsvProblemStatus
loan5651,lsvOKStatus
loan7227,lsvOKStatus
loan5384,lsvOKStatus
loan5643,lsvProblemStatus
loan5740,lsvOKStatus
loan6169,lsvProblemStatus
loan6296,lsvOKStatus
loan6210,lsvProblemStatus
loan5616,lsvOKStatus
loan5699,lsvOKStatus
loan5428,lsvOKStatus
loan5082,lsvOKStatus
loan5128,lsvProblemStatus
loan7049,lsvOKStatus
loan7262,lsvOKStatus
loan5923,lsvOKStatus
loan6729,lsvOKStatus
loan5453,lsvOKStatus
loan6591,lsvOKStatus
loan6223,lsvOKStatus
loan5933,lsvOKStatus
loan5760,lsvOKStatus
loan5329,lsvOKStatus
loan5527,lsvOKStatus
loan6320,lsvOKStatus
loan7138,lsvOKStatus
loan6665,lsvOKStatus
loan6764,lsvOKStatus
loan6863,lsvOKStatus
loan6962,lsvOKStatus
loan5463,lsvOKStatus
loan5265,lsvOKStatus
loan6645,lsvOKStatus
loan5367,lsvOKStatus
loan5491,lsvOKStatus
loan7046,lsvOKStatus
loan6027,lsvProblemStatus
loan5644,lsvOKStatus
loan6310,lsvOKStatus
loan6109,lsvOKStatus
loan6922,lsvOKStatus
loan5042,lsvOKStatus
loan5906,lsvOKStatus
loan6055,lsvOKStatus
loan6546,lsvOKStatus
loan5989,lsvOKStatus
loan6144,lsvOKStatus
loan6995,lsvOKStatus
loan5169,lsvOKStatus
loan5634,lsvOKStatus
loan7036,lsvOKStatus
loan6818,lsvOKStatus
loan5446,lsvOKStatus
loan6660,lsvOKStatus
loan6942,lsvOKStatus
loan4986,lsvOKStatus
loan7091,lsvOKStatus
loan5210,lsvOKStatus
loan5027,lsvOKStatus
loan6253,lsvOKStatus
loan5293,lsvOKStatus
loan7308,lsvOKStatus
loan5606,lsvProblemStatus
loan6932,lsvOKStatus
loan6571,lsvOKStatus
loan6808,lsvOKStatus
loan6734,lsvOKStatus
loan6338,lsvOKStatus
loan7219,lsvOKStatus
loan5718,lsvOKStatus
loan5999,lsvOKStatus
loan5382,lsvOKStatus
loan5585,lsvOKStatus
loan5161,lsvOKStatus
loan5837,lsvOKStatus
loan6698,lsvOKStatus
loan4996,lsvOKStatus
loan5674,lsvOKStatus
loan6599,lsvOKStatus
loan6526,lsvOKStatus
loan5773,lsvOKStatus
loan7277,lsvOKStatus
loan4967,lsvProblemStatus
loan6876,lsvOKStatus
loan5151,lsvOKStatus
loan5413,lsvOKStatus
loan6965,lsvOKStatus
loan5595,lsvOKStatus
loan7130,lsvOKStatus
loan5862,lsvOKStatus
loan6353,lsvOKStatus
loan5176,lsvProblemStatus
loan6012,lsvOKStatus
loan5611,lsvOKStatus
loan5304,lsvOKStatus
loan5882,lsvOKStatus
loan7061,lsvOKStatus
loan6283,lsvOKStatus
loan5377,lsvOKStatus
loan6678,lsvOKStatus
loan6442,lsvOKStatus
loan6541,lsvOKStatus
loan6688,lsvOKStatus
loan7115,lsvOKStatus
loan7051,lsvOKStatus
loan5189,lsvOKStatus
loan6605,lsvOKStatus
loan5486,lsvOKStatus
loan6985,lsvOKStatus
loan6255,lsvProblemStatus
loan7198,lsvOKStatus
loan6824,lsvProblemStatus
loan6704,lsvOKStatus
loan5131,lsvOKStatus
loan5032,lsvOKStatus
loan6095,lsvOKStatus
loan6407,lsvOKStatus
loan6589,lsvOKStatus
