account1762,loan5310
account7857,loan6598
account4473,loan5895
account10001,loan7034
account825,loan5134
account1656,loan5293
account11359,loan7305
account9494,loan6934
account10645,loan7168
account2247,loan5420
account6505,loan6321
account9510,loan6940
account9677,loan6970
account2445,loan5469
account3293,loan5644
account1012,loan5161
account8026,loan6641
account4851,loan5988
account11111,loan7259
account132,loan4996
account8051,loan6647
account1374,loan5236
account7401,loan6499
account11141,loan7264
account10079,loan7055
account2062,loan5366
account10954,loan7230
account8533,loan6732
account9548,loan6944
account8041,loan6645
account4354,loan5865
account2227,loan5413
account5632,loan6153
account2262,loan5428
account2754,loan5532
account9583,loan6949
account9201,loan6866
account4618,loan5931
account8523,loan6730
account5622,loan6150
account6226,loan6272
account2936,loan5569
account5215,loan6064
account4727,loan5959
account10320,loan7104
account4260,loan5837
account472,loan5072
account10650,loan7171
account1270,loan5214
account442,loan5063
account3273,loan5643
account10105,loan7061
account8566,loan6738
account3834,loan5754
account10799,loan7200
account5270,loan6077
account11065,loan7249
account7606,loan6545
account5602,loan6147
account1527,loan5269
account7045,loan6435
account5126,loan6043
account6510,loan6322
account1329,loan5229
account10630,loan7166
account5477,loan6118
account7542,loan6534
account9241,loan6877
account6289,loan6283
account5072,loan6028
account789,loan5125
account5181,loan6055
account8492,loan6726
account3953,loan5782
account8094,loan6660
account4448,loan5887
account1772,loan5312
account2176,loan5395
account5794,loan6190
account11349,loan7304
account8784,loan6766
account10789,loan7199
account8158,loan6675
account10297,loan7101
account5591,loan6142
account10911,loan7220
account10812,loan7202
account7614,loan6550
account6738,loan6362
account1993,loan5352
account3329,loan5651
account6030,loan6227
account8625,loan6745
account9337,loan6903
account7733,loan6571
account9093,loan6836
account7824,loan6594
account11317,loan7292
account5774,loan6185
account3354,loan5657
account4476,loan5897
account9560,loan6948
account4268,loan5841
account3161,loan5620
account330,loan5042
account8680,loan6751
account2516,loan5486
account8039,loan6644
account8173,loan6678
account37,loan4967
account11327,loan7294
account10711,loan7187
account1250,loan5209
account2622,loan5501
account3562,loan5699
account4116,loan5815
account3608,loan5706
account9236,loan6876
account10404,loan7129
account5944,loan6215
account4293,loan5850
account6609,loan6342
account3418,loan5674
account2,loan4959
account4894,loan5997
account8645,loan6748
account3752,loan5740
account2994,loan5586
account3859,loan5758
account7753,loan6577
account8688,loan6753
account378,loan5051
account6461,loan6313
account7894,loan6607
account10019,loan7036
account5196,loan6059
account3050,loan5595
account2064,loan5367
account9377,loan6913
account2343,loan5449
account1093,loan5174
account5442,loan6112
account3230,loan5635
account1811,loan5319
account5541,loan6130
account9491,loan6932
account6649,loan6346
account7565,loan6541
account10148,loan7072
account4423,loan5880
account3403,loan5669
account6555,loan6336
account2143,loan5385
account3189,loan5625
account9167,loan6859
account5650,loan6157
account4948,loan6006
account10049,loan7046
account1068,loan5169
account3005,loan5589
account6157,loan6254
account6083,loan6239
account5724,loan6173
account1801,loan5316
account10257,loan7096
account5698,loan6168
account1978,loan5351
account7674,loan6562
account10774,loan7195
account4413,loan5876
account1869,loan5332
account8316,loan6694
account2153,loan5388
account5422,loan6109
account7052,loan6437
account10411,loan7130
account5133,loan6044
account3390,loan5665
account8972,loan6805
account4774,loan5970
account276,loan5027
account9828,loan6996
account8321,loan6696
account3916,loan5774
account4079,loan5804
account9591,loan6950
account4576,loan5918
account7859,loan6599
account10857,loan7209
account8982,loan6808
account7136,loan6461
account4794,loan5976
account5118,loan6037
account3629,loan5713
account3862,loan5760
account8475,loan6721
account1004,loan5158
account9645,loan6961
account3137,loan5614
account9138,loan6851
account10439,loan7137
account4784,loan5973
account9472,loan6929
account7965,loan6624
account38,loan4968
account4099,loan5808
account4858,loan5991
account6472,loan6315
account6158,loan6255
account8381,loan6705
account7156,loan6464
account7990,loan6632
account8519,loan6729
account7082,loan6442
account1166,loan5189
account11271,loan7286
account8742,loan6758
account1638,loan5287
account6148,loan6253
account1247,loan5208
account9188,loan6863
account9513,loan6942
account8092,loan6659
account5574,loan6137
account5952,loan6216
account1967,loan5350
account4937,loan6004
account226,loan5015
account11362,loan7308
account7819,loan6591
account2279,loan5435
account2350,loan5451
account5927,loan6210
account7861,loan6600
account817,loan5132
account6701,loan6356
account4503,loan5900
account10807,loan7201
account5628,loan6151
account7445,loan6509
account7844,loan6596
account7181,loan6470
account8564,loan6737
account10652,loan7172
account8772,loan6763
account3906,loan5772
account718,loan5117
account10063,loan7049
account5267,loan6075
account4415,loan5878
account3679,loan5725
account7562,loan6540
account11231,loan7277
account5445,loan6113
account2236,loan5415
account7184,loan6471
account4052,loan5799
account2335,loan5447
account1252,loan5210
account5120,loan6038
account4803,loan5977
account9731,loan6985
account5001,loan6015
account10436,loan7136
account7636,loan6553
account525,loan5086
account8027,loan6642
account7745,loan6574
account7418,loan6501
account10644,loan7167
account1242,loan5206
account1787,loan5314
account8405,loan6712
account6706,loan6357
account10345,loan7110
account8225,loan6682
account2051,loan5363
account25,loan4962
account1886,loan5337
account3804,loan5750
account2419,loan5464
account1876,loan5334
account2982,loan5582
account9424,loan6922
account5313,loan6087
account426,loan5060
account3489,loan5693
account8260,loan6686
account2345,loan5450
account8899,loan6785
account5742,loan6178
account1480,loan5260
account10451,loan7142
account7907,loan6612
account2753,loan5531
account6358,loan6296
account9140,loan6852
account2728,loan5527
account7765,loan6578
account9031,loan6819
account10365,loan7122
account1843,loan5325
account1603,loan5285
account3674,loan5723
account1389,loan5241
account3664,loan5719
account4907,loan5999
account2962,loan5576
account2872,loan5556
account9006,loan6810
account5912,loan6207
account1808,loan5318
account7240,loan6486
account4361,loan5868
account11013,loan7240
account6434,loan6309
account6353,loan6294
account2246,loan5419
account4650,loan5938
account6051,loan6232
account1498,loan5265
account4995,loan6013
account4863,loan5992
account11096,loan7255
account6363,loan6297
account10520,loan7154
account4660,loan5940
account7795,loan6585
account9627,loan6955
account2165,loan5389
account1698,loan5301
account6061,loan6234
account1106,loan5176
account10134,loan7067
account10233,loan7088
account5180,loan6054
account8169,loan6677
account10243,loan7091
account5891,loan6202
account10679,loan7181
account4414,loan5877
account1071,loan5170
account8159,loan6676
account11328,loan7295
account314,loan5039
account11244,loan7279
account785,loan5124
account8268,loan6688
account7997,loan6633
account10788,loan7198
account8085,loan6655
account993,loan5154
account2694,loan5519
account9235,loan6875
account2720,loan5525
account7262,loan6490
account1776,loan5313
account9859,loan7001
account5066,loan6027
account6922,loan6402
account4320,loan5856
account7437,loan6508
account2912,loan5563
account10884,loan7213
account1766,loan5311
account7546,loan6535
account9633,loan6959
account5572,loan6136
account4127,loan5817
account2322,loan5445
account8547,loan6734
account4259,loan5836
account10280,loan7100
account5358,loan6095
account3115,loan5611
account9225,loan6871
account10963,loan7233
account9673,loan6969
account2352,loan5452
account8129,loan6668
account8327,loan6698
account6425,loan6306
account6792,loan6377
account9869,loan7004
account4550,loan5909
account2705,loan5523
account5735,loan6175
account6856,loan6386
account3967,loan5784
account10364,loan7121
account2218,loan5409
account5428,loan6111
account5269,loan6076
account2018,loan5358
account1906,loan5343
account5385,loan6103
account9052,loan6824
account9017,loan6816
account7957,loan6621
account2824,loan5549
account10065,loan7050
account2699,loan5520
account854,loan5138
account347,loan5045
account9455,loan6926
account4949,loan6007
account3711,loan5731
account1011,loan5160
account7049,loan6436
account2545,loan5491
account2142,loan5384
account6265,loan6278
account10728,loan7189
account938,loan5147
account790,loan5126
account10973,loan7235
account2725,loan5526
account666,loan5103
account11135,loan7262
account4852,loan5989
account5395,loan6104
account6062,loan6235
account9156,loan6856
account9265,loan6888
account10738,loan7192
account9037,loan6821
account10493,loan7151
account4081,loan5805
account2000,loan5354
account5305,loan6083
account4190,loan5830
account960,loan5151
account349,loan5046
account4825,loan5980
account6118,loan6244
account2456,loan5470
account11069,loan7250
account176,loan5005
account2580,loan5495
account6688,loan6354
account9024,loan6817
account10266,loan7097
account3875,loan5765
account4427,loan5882
account1447,loan5253
account9034,loan6820
account2167,loan5390
account9422,loan6921
account4462,loan5892
account3112,loan5610
account290,loan5032
account3021,loan5591
account7559,loan6539
account8377,loan6704
account7890,loan6605
account846,loan5136
account6034,loan6228
account6138,loan6249
account2228,loan5414
account6678,loan6350
account1284,loan5221
account8114,loan6665
account7176,loan6468
account5033,loan6019
account10093,loan7057
account1888,loan5338
account6902,loan6399
account11021,loan7241
account11079,loan7253
account2073,loan5368
account4533,loan5906
account10068,loan7051
account7485,loan6520
account339,loan5043
account7594,loan6544
account4467,loan5893
account10940,loan7226
account6495,loan6320
account6924,loan6403
account10905,loan7219
account1407,loan5245
account2496,loan5482
account5700,loan6169
account2486,loan5479
account11138,loan7263
account309,loan5036
account3249,loan5638
account9353,loan6908
account344,loan5044
account9153,loan6855
account6097,loan6242
account103,loan4988
account4746,loan5963
account319,loan5041
account9227,loan6872
account11054,loan7246
account4447,loan5886
account3229,loan5634
account940,loan5148
account5256,loan6072
account816,loan5131
account2413,loan5463
account9640,loan6960
account9242,loan6878
account7123,loan6456
account3353,loan5656
account2268,loan5429
account915,loan5145
account2187,loan5398
account3064,loan5599
account3556,loan5698
account1244,loan5207
account10915,loan7221
account10005,loan7035
account1318,loan5226
account2988,loan5585
account7133,loan6460
account8639,loan6746
account3637,loan5718
account9833,loan6998
account4715,loan5953
account6715,loan6358
account7926,loan6613
account6930,loan6407
account9730,loan6984
account6699,loan6355
account4981,loan6011
account2134,loan5382
account4616,loan5930
account1083,loan5172
account7637,loan6554
account9631,loan6956
account8931,loan6793
account5481,loan6120
account6453,loan6312
account8038,loan6643
account9433,loan6923
account4725,loan5956
account7454,loan6512
account4342,loan5862
account8073,loan6650
account5837,loan6196
account2910,loan5561
account9307,loan6895
account813,loan5130
account2035,loan5360
account1580,loan5281
account7274,loan6495
account440,loan5061
account544,loan5088
account9814,loan6995
account9403,loan6919
account8261,loan6687
account110,loan4990
account10613,loan7164
account7815,loan6589
account4631,loan5933
account9104,loan6841
account8926,loan6791
account8127,loan6667
account10440,loan7138
account2334,loan5446
account6273,loan6279
account3678,loan5724
account4456,loan5889
account5213,loan6063
account6397,loan6302
account2572,loan5494
account4033,loan5790
account1819,loan5320
account1928,loan5346
account4681,loan5942
account8776,loan6764
account8489,loan6725
account97,loan4986
account11186,loan7271
account2762,loan5533
account10202,loan7085
account9030,loan6818
account9263,loan6887
account9750,loan6986
account8411,loan6715
account4337,loan5861
account4626,loan5932
account2080,loan5369
account10478,loan7147
account8713,loan6755
account6040,loan6229
account6950,loan6415
account2245,loan5418
account8505,loan6727
account3166,loan5624
account8330,loan6699
account3448,loan5681
account67,loan4973
account3747,loan5739
account4144,loan5823
account9208,loan6868
account2055,loan5365
account7713,loan6568
account8919,loan6790
account4969,loan6010
account303,loan5034
account5317,loan6088
account675,loan5110
account3754,loan5741
account5991,loan6223
account11265,loan7284
account873,loan5140
account3084,loan5606
account7769,loan6580
account501,loan5082
account1375,loan5237
account8320,loan6695
account1862,loan5329
account9159,loan6857
account9790,loan6992
account4994,loan6012
account5362,loan6097
account2933,loan5568
account9493,loan6933
account9646,loan6962
account6440,loan6310
account10022,loan7037
account7721,loan6569
account5228,loan6066
account1718,loan5304
account5263,loan6073
account5593,loan6144
account3455,loan5682
account8558,loan6736
account7523,loan6526
account9897,loan7008
account7966,loan6625
account9656,loan6965
account7099,loan6450
account4580,loan5922
account10131,loan7066
account5164,loan6052
account2116,loan5377
account808,loan5128
account7180,loan6469
account10215,loan7087
account7632,loan6552
account6473,loan6316
account9199,loan6865
account5283,loan6078
account1528,loan5270
account9504,loan6938
account3037,loan5593
account173,loan5002
account10942,loan7227
account7190,loan6474
account6400,loan6303
account7607,loan6546
account11042,loan7243
account6592,loan6338
account4999,loan6014
account6075,loan6237
account7424,loan6502
account2986,loan5584
account2361,loan5453
account10351,loan7115
account19,loan4961
account6985,loan6421
account3143,loan5616
account9928,loan7013
account3907,loan5773
account1583,loan5282
account10663,loan7176
account10445,loan7139
account9179,loan6861
account3942,loan5779
account6686,loan6353
account10361,loan7119
account10762,loan7194
account1256,loan5212
account105,loan4989
account3460,loan5683
account4585,loan5923
account11027,loan7242
account2106,loan5375
