loan6805,account8972
loan6934,account9494
loan6694,account8316
loan6613,account7926
loan6729,account8519
loan6705,account8381
loan5959,account4727
loan4967,account37
loan7241,account11021
loan5624,account3166
loan4989,account105
loan5614,account3137
loan7034,account10001
loan6354,account6688
loan6495,account7274
loan6682,account8225
loan6239,account6083
loan5351,account1978
loan5253,account1447
loan5470,account2456
loan6157,account5650
loan7088,account10233
loan5409,account2218
loan6712,account8405
loan6169,account5700
loan7066,account10131
loan5032,account290
loan6229,account6040
loan5429,account2268
loan6147,account5602
loan5088,account544
loan5419,account2246
loan6499,account7401
loan6113,account5445
loan5241,account1389
loan5532,account2754
loan5044,account344
loan5887,account4448
loan5897,account4476
loan5287,account1638
loan6014,account4999
loan5865,account4354
loan5877,account4414
loan5591,account3021
loan7308,account11362
loan5773,account3907
loan7226,account10940
loan7263,account11138
loan6633,account7997
loan5034,account303
loan6118,account5477
loan6734,account8547
loan5334,account1876
loan7130,account10411
loan6063,account5213
loan5226,account1318
loan6490,account7262
loan6095,account5358
loan5312,account1772
loan6073,account5263
loan5174,account1093
loan5453,account2361
loan6004,account4937
loan5005,account176
loan7164,account10613
loan6078,account5283
loan7246,account11054
loan6678,account8173
loan5027,account276
loan5549,account2824
loan5236,account1374
loan5214,account1270
loan5147,account938
loan6668,account8129
loan6421,account6985
loan6297,account6363
loan6985,account9731
loan6746,account8639
loan7049,account10063
loan5804,account4079
loan6303,account6400
loan6818,account9030
loan7209,account10857
loan5527,account2728
loan5125,account789
loan5207,account1244
loan7051,account10068
loan6855,account9153
loan5463,account2413
loan6253,account6148
loan7294,account11327
loan6887,account9263
loan6877,account9241
loan6216,account5952
loan5991,account4858
loan6758,account8742
loan5015,account226
loan7305,account11359
loan6313,account6461
loan5589,account3005
loan7233,account10963
loan6554,account7637
loan6598,account7857
loan5132,account817
loan5332,account1869
loan6142,account5591
loan6456,account7123
loan4996,account132
loan5942,account4681
loan6520,account7485
loan5172,account1083
loan5310,account1762
loan6120,account5481
loan6641,account8026
loan6865,account9199
loan5451,account2350
loan5725,account3679
loan5599,account3064
loan7101,account10297
loan6763,account8772
loan7253,account11079
loan6342,account6609
loan6011,account4981
loan6715,account8411
loan5586,account2994
loan4962,account25
loan7277,account11231
loan5932,account4626
loan5369,account2080
loan5900,account4503
loan6751,account8680
loan5270,account1528
loan5576,account2962
loan6944,account9548
loan5520,account2699
loan6019,account5033
loan6808,account8982
loan6571,account7733
loan7243,account11042
loan6872,account9227
loan5354,account2000
loan7181,account10679
loan7171,account10650
loan7085,account10202
loan6137,account5574
loan7201,account10807
loan5882,account4427
loan6785,account8899
loan5061,account440
loan6727,account8505
loan5154,account993
loan5561,account2910
loan6461,account7136
loan5892,account4462
loan5189,account1166
loan5446,account2334
loan6508,account7437
loan6949,account9583
loan5337,account1886
loan7008,account9897
loan6922,account9424
loan5229,account1329
loan5414,account2228
loan6386,account6856
loan5449,account2343
loan6232,account6051
loan6541,account7565
loan5644,account3293
loan6312,account6453
loan6150,account5622
loan7096,account10257
loan6926,account9455
loan6553,account7636
loan5923,account4585
loan5718,account3637
loan6207,account5912
loan6244,account6118
loan5002,account173
loan6037,account5118
loan5656,account3353
loan6948,account9560
loan5389,account2165
loan7200,account10799
loan6358,account6715
loan5367,account2064
loan6346,account6649
loan5880,account4423
loan6876,account9236
loan6015,account5001
loan5046,account349
loan6585,account7795
loan6871,account9225
loan5841,account4268
loan7104,account10320
loan5989,account4852
loan5651,account3329
loan6696,account8321
loan5584,account2986
loan5151,account960
loan4959,account2
loan5895,account4473
loan5036,account309
loan6625,account7966
loan7136,account10436
loan6237,account6075
loan6938,account9504
loan6660,account8094
loan7295,account11328
loan6249,account6138
loan7271,account11186
loan6650,account8073
loan6227,account6030
loan5525,account2720
loan5212,account1256
loan5918,account4576
loan6111,account5428
loan7219,account10905
loan7037,account10022
loan6012,account4994
loan6965,account9656
loan6580,account7769
loan6955,account9627
loan5495,account2580
loan6460,account7133
loan5868,account4361
loan6104,account5395
loan7194,account10762
loan6736,account8558
loan7057,account10093
loan5103,account666
loan7172,account10652
loan5634,account3229
loan6921,account9422
loan7202,account10812
loan6470,account7181
loan6403,account6924
loan5285,account1603
loan5836,account4259
loan6083,account5305
loan7119,account10361
loan5754,account3834
loan5569,account2936
loan6539,account7559
loan6054,account5180
loan5039,account314
loan5856,account4320
loan6076,account5269
loan6007,account4949
loan7121,account10364
loan5170,account1071
loan6919,account9403
loan7189,account10728
loan6202,account5891
loan6748,account8645
loan6960,account9640
loan6283,account6289
loan5774,account3916
loan5740,account3752
loan6791,account8926
loan6970,account9677
loan6088,account5317
loan5723,account3674
loan6534,account7542
loan6665,account8114
loan7167,account10644
loan6502,account7424
loan6546,account7607
loan5779,account3942
loan6857,account9159
loan5210,account1252
loan5625,account3189
loan5501,account2622
loan7249,account11065
loan5878,account4415
loan7199,account10789
loan6044,account5133
loan6315,account6472
loan6066,account5228
loan5110,account675
loan5523,account2705
loan5352,account1993
loan6568,account7713
loan6512,account7454
loan5301,account1698
loan5134,account825
loan5325,account1843
loan6578,account7765
loan6027,account5066
loan5713,account3629
loan7061,account10105
loan6544,account7594
loan7138,account10440
loan5063,account442
loan7221,account10915
loan6643,account8038
loan6675,account8158
loan5683,account3460
loan5693,account3489
loan6278,account6265
loan6436,account7049
loan5051,account378
loan6130,account5541
loan6755,account8713
loan5805,account4081
loan6468,account7176
loan5313,account1776
loan6059,account5196
loan6196,account5837
loan5384,account2142
loan6322,account6510
loan5799,account4052
loan6310,account6440
loan6234,account6061
loan6820,account9034
loan6992,account9790
loan7292,account11317
loan5930,account4616
loan5160,account1011
loan6687,account8261
loan5320,account1819
loan6852,account9140
loan6699,account8330
loan6810,account9006
loan6356,account6701
loan5041,account319
loan5940,account4660
loan6753,account8688
loan5817,account4127
loan5237,account1375
loan6320,account6495
loan6929,account9472
loan5148,account940
loan6888,account9265
loan6730,account8523
loan5281,account1580
loan4990,account110
loan5992,account4863
loan5293,account1656
loan6296,account6358
loan5970,account4774
loan6868,account9208
loan5338,account1888
loan5582,account2982
loan5415,account2236
loan6647,account8051
loan6501,account7418
loan6055,account5181
loan6545,account7606
loan5131,account816
loan7100,account10280
loan5208,account1247
loan6077,account5270
loan6215,account5944
loan7122,account10365
loan5815,account4116
loan5698,account3556
loan5479,account2486
loan5452,account2352
loan6336,account6555
loan5360,account2035
loan6589,account7815
loan6302,account6397
loan6824,account9052
loan5420,account2247
loan5706,account3608
loan6599,account7859
loan5808,account4099
loan5311,account1766
loan5681,account3448
loan5464,account2419
loan6856,account9156
loan5997,account4894
loan6878,account9242
loan6577,account7753
loan7168,account10645
loan5486,account2516
loan6642,account8027
loan5382,account2134
loan5893,account4467
loan6686,account8260
loan6279,account6273
loan6851,account9138
loan7129,account10404
loan6185,account5774
loan6841,account9104
loan7286,account11271
loan6435,account7045
loan6321,account6505
loan7227,account10942
loan6923,account9433
loan6028,account5072
loan6235,account6062
loan5977,account4803
loan5610,account3112
loan5158,account1004
loan5933,account4631
loan6895,account9307
loan5999,account4907
loan6175,account5735
loan5072,account472
loan7139,account10445
loan5533,account2762
loan6550,account7614
loan6698,account8327
loan6153,account5632
loan6010,account4969
loan5447,account2335
loan5318,account1808
loan6612,account7907
loan5784,account3967
loan5938,account4650
loan5906,account4533
loan7072,account10148
loan5435,account2279
loan6594,account7824
loan5469,account2445
loan5117,account718
loan7050,account10065
loan6136,account5572
loan4973,account67
loan6168,account5698
loan6399,account6902
loan6861,account9179
loan5861,account4337
loan5365,account2055
loan6605,account7890
loan7304,account11349
loan6764,account8776
loan5377,account2116
loan5620,account3161
loan5358,account2018
loan5060,account426
loan6353,account6686
loan6600,account7861
loan5657,account3354
loan6738,account8566
loan6726,account8492
loan5760,account3862
loan4986,account97
loan6632,account7990
loan5782,account3953
loan6940,account9510
loan6450,account7099
loan5082,account501
loan5669,account3403
loan6509,account7445
loan5635,account3230
loan6704,account8377
loan6415,account6950
loan5368,account2073
loan5585,account2988
loan4961,account19
loan7035,account10005
loan5886,account4447
loan7067,account10134
loan6052,account5164
loan5750,account3804
loan7004,account9869
loan5876,account4413
loan7264,account11141
loan7192,account10738
loan6933,account9493
loan5772,account3906
loan5304,account1718
loan5428,account2262
loan6793,account8931
loan7242,account11027
loan5531,account2753
loan5418,account2245
loan7055,account10079
loan5830,account4190
loan7091,account10243
loan5043,account339
loan6526,account7523
loan6721,account8475
loan6667,account8127
loan6859,account9167
loan5837,account4260
loan6817,account9024
loan6745,account8625
loan5606,account3084
loan5269,account1527
loan6109,account5422
loan5519,account2694
loan5765,account3875
loan5909,account4550
loan6064,account5215
loan6984,account9730
loan6655,account8085
loan7259,account11111
loan6866,account9201
loan6242,account6097
loan5491,account2545
loan5136,account846
loan6962,account9646
loan6996,account9828
loan7187,account10711
loan6645,account8041
loan5595,account3050
loan5350,account1967
loan5124,account785
loan5526,account2725
loan6677,account8169
loan6950,account9591
loan7151,account10493
loan6254,account6157
loan5450,account2345
loan6471,account7184
loan6103,account5385
loan6737,account8564
loan5823,account4144
loan5138,account854
loan5343,account1906
loan7176,account10663
loan5126,account790
loan5889,account4456
loan6725,account8489
loan5731,account3711
loan6621,account7957
loan7166,account10630
loan6223,account5991
loan6961,account9645
loan5245,account1407
loan6956,account9631
loan5980,account4825
loan6294,account6353
loan6732,account8533
loan6816,account9017
loan5494,account2572
loan6097,account5362
loan6932,account9491
loan6043,account5126
loan5724,account3678
loan6306,account6425
loan5390,account2167
loan5638,account3249
loan5616,account3143
loan6087,account5313
loan6659,account8092
loan6535,account7546
loan6075,account5267
loan6006,account4948
loan7198,account10788
loan7046,account10049
loan7036,account10019
loan5482,account2496
loan5221,account1284
loan5758,account3859
loan5316,account1801
loan5375,account2106
loan6272,account6226
loan5145,account915
loan6836,account9093
loan6316,account6473
loan6569,account7721
loan7147,account10478
loan5042,account330
loan5385,account2143
loan5086,account525
loan5973,account4784
loan6338,account6592
loan6644,account8039
loan5445,account2322
loan5674,account3418
loan6676,account8159
loan7220,account10911
loan5931,account4618
loan6437,account7052
loan6688,account8268
loan6995,account9814
loan5395,account2176
loan6875,account9235
loan6255,account6158
loan5314,account1787
loan5363,account2051
loan6540,account7562
loan6908,account9353
loan5413,account2227
loan7110,account10345
loan7230,account10954
loan5963,account4746
loan6469,account7180
loan6552,account7632
loan5719,account3664
loan5161,account1012
loan7142,account10451
loan7154,account10520
loan6173,account5724
loan5953,account4715
loan6151,account5628
loan6038,account5120
loan5206,account1242
loan6596,account7844
loan5366,account2062
loan5329,account1862
loan6357,account6706
loan5169,account1068
loan6574,account7745
loan6562,account7674
loan5388,account2153
loan7195,account10774
loan5130,account813
loan5699,account3562
loan5282,account1583
loan6959,account9633
loan5665,account3390
loan7087,account10215
loan5260,account1480
loan6486,account7240
loan6969,account9673
loan5739,account3747
loan6607,account7894
loan5563,account2912
loan6863,account9188
loan4988,account103
loan6464,account7156
loan7240,account11013
loan6821,account9037
loan6766,account8784
loan5398,account2187
loan6144,account5593
loan6624,account7965
loan5209,account1250
loan5045,account347
loan5976,account4794
loan7097,account10266
loan6013,account4995
loan6355,account6699
loan5682,account3455
loan5140,account873
loan6377,account6792
loan6903,account9337
loan5176,account1106
loan6474,account7190
loan5850,account4293
loan7284,account11265
loan6178,account5742
loan7262,account11135
loan6228,account6034
loan7250,account11069
loan7115,account10351
loan6913,account9377
loan6442,account7082
loan6591,account7819
loan6407,account6930
loan5988,account4851
loan7137,account10439
loan6112,account5442
loan5922,account4580
loan4968,account38
loan5346,account1928
loan6695,account8320
loan7213,account10884
loan7235,account10973
loan7001,account9859
loan5568,account2933
loan6072,account5256
loan7013,account9928
loan5265,account1498
loan6986,account9750
loan5611,account3115
loan6362,account6738
loan5956,account4725
loan6998,account9833
loan6309,account6434
loan5862,account4342
loan6350,account6678
loan5593,account3037
loan5643,account3273
loan5741,account3754
loan6942,account9513
loan7255,account11096
loan5790,account4033
loan6790,account8919
loan6819,account9031
loan7279,account11244
loan6210,account5927
loan5128,account808
loan6402,account6922
loan6190,account5794
loan5556,account2872
loan5319,account1811
