woman4409,account3657
woman576,account478
man395,account323
man875,account729
man2983,account2471
man2415,account1987
woman4085,account3378
man1922,account1586
woman2471,account2035
woman3111,account2578
man1407,account1168
man1684,account1391
man2640,account2180
woman1541,account1276
woman2961,account2452
man10778,account8742
man2304,account1897
man2405,account1979
man4271,account3538
woman2367,account1947
man249,account206
woman4696,account3894
woman3819,account3158
woman1728,account1424
woman1975,account1629
man4468,account3705
woman945,account789
man148,account123
man966,account806
man12739,account10351
woman480,account397
woman4297,account3560
woman2165,account1786
man320,account265
man4103,account3393
woman3242,account2686
woman5859,account4851
woman5319,account4413
man4120,account3408
woman2456,account2022
man3164,account2622
woman2767,account2286
man1634,account1348
woman13262,account10789
man279,account231
woman3955,account3267
man5775,account4784
woman3353,account2776
man4214,account3486
woman4202,account3476
man2210,account1822
woman13469,account10954
man1036,account859
man3174,account2629
man6186,account5126
man3200,account2652
man23,account17
man10288,account8330
man3078,account2549
man693,account576
woman366,account300
man4994,account4144
woman4035,account3337
woman1586,account1311
woman3383,account2799
woman4499,account3729
woman2587,account2139
woman718,account599
woman3945,account3260
woman71,account61
man2359,account1941
man2162,account1784
woman2362,account1943
man3923,account3243
man1232,account1026
woman1928,account1590
woman4525,account3750
man4204,account3477
man951,account793
man2384,account1960
man2339,account1926
woman4070,account3366
man11064,account8982
woman2337,account1925
woman2855,account2362
man3114,account2580
woman3022,account2503
woman1455,account1205
man1484,account1230
man2695,account2225
man3346,account2771
woman4025,account3329
man1132,account939
man4047,account3346
man11406,account9263
woman1063,account882
man4688,account3889
man1338,account1115
woman3804,account3145
woman1549,account1280
woman2678,account2212
man784,account653
woman3694,account3055
man10041,account8127
man6750,account5591
man2258,account1861
man2107,account1736
man6318,account5228
woman1053,account874
man3068,account2541
woman624,account519
man4072,account3367
man2620,account2164
woman2668,account2204
woman1294,account1078
man2837,account2347
man1227,account1022
woman3768,account3115
woman2115,account1743
man2369,account1948
woman3479,account2878
woman2946,account2439
woman2357,account1940
woman260,account215
man4711,account3906
woman1104,account916
man2905,account2405
man4294,account3558
woman1940,account1600
woman985,account819
man3122,account2586
man8433,account6985
man4017,account3323
man140,account116
woman9845,account7965
woman5215,account4330
man2591,account2142
man234,account193
man2376,account1954
woman3720,account3076
woman753,account626
man355,account292
woman3050,account2527
man1368,account1137
man3455,account2859
woman995,account827
man446,account366
man4800,account3980
woman3171,account2627
man382,account313
woman541,account449
woman3503,account2898
man567,account471
woman2233,account1841
man2003,account1652
woman3700,account3059
man3086,account2555
woman4363,account3616
man1942,account1601
man2301,account1895
man4759,account3945
man6474,account5362
man209,account172
man1687,account1393
man936,account782
man2687,account2218
man2134,account1760
man658,account546
woman1802,account1487
woman4252,account3521
man799,account666
woman2253,account1857
woman599,account498
woman3609,account2988
woman4530,account3754
woman12851,account10445
man2955,account2447
woman11710,account9510
man1778,account1466
woman1403,account1165
man5398,account4475
man3968,account3277
woman12730,account10345
woman1625,account1342
man746,account621
man1915,account1581
man1434,account1189
woman1377,account1145
woman12359,account10049
woman1958,account1614
man4714,account3908
woman1882,account1551
woman2648,account2187
woman4816,account3994
man11714,account9513
woman4595,account3813
man4907,account4071
man10096,account8173
woman379,account311
woman182,account151
man3280,account2716
man2682,account2214
woman1504,account1246
woman804,account669
man2509,account2069
woman117,account97
man1360,account1132
woman516,account428
woman2680,account2213
man16,account12
woman3025,account2505
woman3434,account2841
man2199,account1814
woman86,account72
woman3839,account3174
man2925,account2421
woman172,account142
woman3718,account3075
woman11,account8
man1672,account1381
man477,account395
woman4775,account3958
man1840,account1517
woman211,account173
man974,account811
woman2543,account2099
man836,account697
man3377,account2795
man10998,account8926
man4728,account3920
man467,account386
woman1281,account1067
man732,account610
woman11907,account9673
woman3587,account2970
man10201,account8261
man4041,account3342
woman4008,account3315
man1379,account1146
man1268,account1055
man4152,account3433
woman1087,account902
man2306,account1898
man3367,account2788
woman1827,account1507
man2333,account1922
man393,account322
woman10199,account8260
woman1630,account1345
woman3772,account3118
woman4412,account3659
man2169,account1789
man1258,account1048
man1787,account1474
woman5827,account4825
woman3219,account2666
woman1123,account932
woman3866,account3197
woman4154,account3434
man2985,account2472
man4748,account3937
woman1600,account1323
woman2523,account2080
woman12383,account10068
woman5761,account4774
woman286,account236
woman3209,account2658
man3004,account2488
woman1983,account1636
man1813,account1495
man2101,account1731
man368,account301
man10276,account8321
woman155,account129
man3273,account2712
woman4285,account3550
man7412,account6138
man2085,account1719
woman4694,account3893
woman2219,account1829
woman3752,account3102
woman3,account2
man3014,account2496
man3989,account3297
man5254,account4361
man2090,account1723
man4089,account3381
man12221,account9928
woman1547,account1279
man1878,account1548
woman602,account500
man1570,account1297
man979,account815
woman4503,account3732
woman1176,account975
man3460,account2863
man1298,account1081
woman2934,account2428
woman4023,account3328
woman3696,account3056
man1747,account1439
woman2833,account2344
woman4144,account3428
woman1701,account1404
man878,account731
man989,account822
woman4735,account3926
man4354,account3609
man13448,account10940
man1636,account1349
woman3514,account2907
woman1426,account1183
man3709,account3067
woman3108,account2576
man3882,account3209
man3081,account2551
man4743,account3933
woman612,account509
man12397,account10079
woman2898,account2400
man10476,account8489
man4438,account3681
woman12755,account10364
woman4497,account3728
man6804,account5632
woman2518,account2076
woman1926,account1589
woman342,account282
man6040,account4999
woman9776,account7907
woman11275,account9159
man3949,account3263
woman2188,account1806
woman3413,account2823
woman2570,account2124
woman3145,account2606
man4586,account3805
man10988,account8919
woman620,account516
man1873,account1544
woman852,account710
woman4096,account3387
woman1901,account1568
woman11267,account9153
woman3138,account2601
woman1507,account1248
man1949,account1607
man1336,account1114
man934,account781
man4822,account3999
woman11979,account9731
man555,account461
man4195,account3471
woman4445,account3686
man103,account86
woman1060,account880
woman12051,account9790
woman1986,account1638
man2492,account2053
man4064,account3361
woman4324,account3583
woman1411,account1171
man767,account639
man3584,account2968
man2699,account2227
man3473,account2873
woman1865,account1538
woman2919,account2416
man2193,account1809
woman4334,account3591
woman3406,account2818
woman2094,account1726
woman3330,account2757
man1188,account985
man10511,account8519
man363,account298
man525,account436
woman204,account168
man2477,account2040
man636,account528
man4322,account3582
man777,account647
man2183,account1802
woman3909,account3231
man3408,account2819
man4564,account3785
man2598,account2147
man3764,account3112
man13658,account11111
man1712,account1412
man4635,account3844
man4625,account3837
man404,account330
woman1365,account1135
woman3797,account3140
woman1486,account1231
woman736,account612
woman3641,account3014
woman135,account112
man4397,account3646
man828,account690
woman12417,account10093
man1937,account1598
woman291,account240
man4599,account3816
woman3198,account2651
man2217,account1828
man5108,account4237
man9718,account7859
woman498,account412
man1143,account947
woman1263,account1051
man5201,account4318
woman3592,account2974
man191,account158
man3784,account3128
man13956,account11349
woman3888,account3214
woman3777,account3122
woman170,account141
man3759,account3108
man3317,account2747
woman1808,account1491
woman3557,account2945
woman1704,account1406
woman74,account63
man4170,account3448
woman4435,account3679
man4655,account3861
man2750,account2270
man860,account717
man2593,account2143
woman1429,account1185
woman680,account566
man1007,account836
man3206,account2656
man1118,account928
woman4425,account3671
woman1106,account917
woman2651,account2189
man1694,account1399
man1442,account1195
woman998,account829
woman2772,account2290
woman2017,account1663
woman1835,account1514
man1173,account973
woman271,account225
woman9458,account7637
woman3491,account2888
woman2062,account1697
man3613,account2991
woman1160,account962
man4028,account3331
man37,account29
man4785,account3966
man2629,account2172
man687,account572
man2012,account1659
woman3951,account3264
woman1471,account1218
woman2427,account1997
woman9834,account7957
woman2718,account2244
man1706,account1407
woman4753,account3941
man2580,account2133
woman3668,account3035
woman4127,account3413
man730,account609
woman3061,account2535
man1620,account1338
woman5,account3
man4975,account4131
woman3541,account2932
woman633,account526
man11687,account9494
man9428,account7614
man10274,account8320
woman4642,account3850
woman2632,account2174
man972,account810
man2886,account2390
woman794,account662
man1721,account1419
woman628,account522
woman749,account623
man1953,account1610
woman1444,account1196
woman12145,account9869
man3496,account2892
woman4430,account3675
woman3931,account3250
woman3688,account3050
man2143,account1767
woman237,account195
man2411,account1984
man1498,account1241
man1097,account910
man6256,account5180
woman3895,account3220
man647,account537
woman11380,account9241
man899,account749
man3140,account2602
woman1155,account958
woman532,account441
man3261,account2702
woman401,account328
woman1797,account1483
woman3526,account2918
woman10703,account8680
man7797,account6461
woman2912,account2410
man3266,account2706
woman3901,account3225
man2315,account1905
man3957,account3268
woman3278,account2715
woman4602,account3818
woman1757,account1448
man1423,account1181
man415,account339
man4245,account3515
woman95,account80
man4770,account3954
man5367,account4448
woman820,account683
woman5365,account4447
man314,account260
woman2191,account1808
man4523,account3749
man2350,account1934
woman11360,account9225
woman4490,account3722
woman1893,account1561
man3118,account2583
man298,account246
man8738,account7240
man9274,account7485
woman340,account281
woman2202,account1816
woman2748,account2269
man3937,account3254
woman572,account475
woman2617,account2162
woman527,account437
man586,account487
man3180,account2634
woman2028,account1670
man3403,account2816
man1562,account1291
woman4327,account3585
woman4074,account3368
man3851,account3185
woman3509,account2903
woman9664,account7815
woman4509,account3736
woman1393,account1158
man184,account152
woman1348,account1123
man2289,account1886
woman2035,account1675
man3320,account2749
woman323,account267
man1317,account1097
woman1494,account1238
woman2927,account2422
woman196,account162
man115,account96
woman1838,account1516
man4319,account3580
man10077,account8159
man1126,account934
woman11638,account9455
woman11517,account9353
man11122,account9030
man1532,account1269
woman1235,account1028
man2863,account2369
man159,account132
man9946,account8051
man13751,account11186
woman57,account48
woman696,account578
woman3428,account2836
man1344,account1120
woman9174,account7401
woman1084,account900
man1465,account1213
woman3221,account2667
woman2674,account2209
man3032,account2511
man417,account340
man1191,account987
man8393,account6950
woman1994,account1644
woman3966,account3276
woman166,account138
woman2795,account2309
man2221,account1830
man1070,account888
woman3653,account3024
woman113,account95
woman2907,account2406
woman2151,account1774
man1845,account1521
woman2780,account2296
man2421,account1992
woman82,account70
woman4488,account3721
woman2891,account2394
woman9642,account7795
man3325,account2753
woman1447,account1198
man1010,account838
woman348,account286
man3204,account2655
man3631,account3006
woman1568,account1296
woman2866,account2371
woman2442,account2010
man1095,account909
woman11875,account9646
man4682,account3884
woman2987,account2473
man1000,account830
woman2020,account1665
woman4478,account3713
woman3825,account3163
woman1649,account1361
man1870,account1542
man4268,account3536
woman2060,account1696
man1698,account1402
woman865,account721
woman3579,account2964
woman2050,account1688
woman2816,account2328
man3057,account2532
man811,account675
woman5527,account4585
woman845,account704
woman3599,account2980
woman734,account611
man2007,account1655
man2727,account2252
woman2568,account2123
man412,account337
man4778,account3960
man1420,account1179
man1818,account1499
man2848,account2356
man4460,account3698
woman838,account698
man553,account460
man2052,account1689
man3481,account2879
man2439,account2008
man3315,account2746
man11131,account9037
woman2311,account1902
man2840,account2349
woman4630,account3840
woman1016,account842
man923,account771
woman2448,account2015
man3010,account2493
woman3073,account2545
woman2046,account1685
woman3149,account2609
man897,account748
woman3543,account2933
woman1543,account1277
woman5580,account4631
woman2458,account2023
woman4150,account3432
man3859,account3192
woman2610,account2156
woman3285,account2720
man9451,account7632
woman3452,account2857
man3876,account3205
woman3832,account3168
woman4761,account3946
woman346,account285
woman13291,account10812
woman2298,account1893
woman3417,account2826
woman3563,account2949
woman3341,account2767
woman11867,account9640
woman4726,account3919
man514,account427
woman2963,account2453
man99,account83
man4350,account3606
woman3933,account3251
woman3462,account2864
woman1167,account968
woman1609,account1329
woman5144,account4268
woman1386,account1152
man3801,account3143
woman2341,account1927
man488,account403
man4454,account3693
man4757,account3944
man2261,account1863
man4691,account3891
woman3250,account2693
woman1735,account1430
man7724,account6397
woman3371,account2791
man2140,account1765
woman277,account230
man5321,account4414
man1612,account1331
man1043,account865
man3664,account3033
woman3351,account2775
man1033,account857
woman4668,account3872
woman661,account548
woman2238,account1845
man1602,account1324
man4671,account3874
man2241,account1847
woman1252,account1043
woman3437,account2843
man10351,account8377
man1576,account1302
man4277,account3543
woman5313,account4408
man1284,account1069
man84,account71
man1139,account944
man1028,account853
woman4148,account3431
man1395,account1159
man943,account788
woman2026,account1669
man4505,account3733
woman18,account13
man3252,account2694
woman126,account104
man2991,account2476
woman3672,account3038
woman10564,account8564
woman2605,account2152
man4666,account3871
woman691,account575
man443,account364
man564,account469
woman3682,account3045
woman1770,account1459
man3905,account3228
man1990,account1641
woman2483,account2045
woman1604,account1325
woman1457,account1206
man2271,account1872
man6893,account5698
woman3729,account3083
man5326,account4418
woman200,account165
man384,account314
man4707,account3903
man11977,account9730
woman5338,account4427
man3917,account3238
man2774,account2291
man642,account533
woman3602,account2982
woman3309,account2741
woman4618,account3832
man3647,account3019
woman3635,account3009
man1519,account1258
woman3680,account3044
man2132,account1759
woman1247,account1039
man283,account234
woman4183,account3460
woman1593,account1317
man4621,account3834
man3467,account2868
woman2098,account1729
man3657,account3027
woman4052,account3350
woman2386,account1961
man8611,account7133
woman1351,account1125
man3677,account3042
woman1677,account1385
man5462,account4527
woman3622,account2999
woman4441,account3683
woman7011,account5794
woman1667,account1377
woman3374,account2793
man2744,account2266
woman4810,account3989
man1665,account1376
woman7423,account6148
man2243,account1848
man1013,account840
woman2033,account1674
man4242,account3513
man2208,account1821
man4199,account3474
man258,account214
man2734,account2258
woman2023,account1667
man958,account799
woman4628,account3839
woman4552,account3775
woman2275,account1874
woman9419,account7607
man1134,account940
woman4123,account3410
man327,account270
woman2602,account2150
woman1314,account1095
woman427,account349
woman3736,account3088
man11795,account9583
woman119,account98
man4447,account3687
man3287,account2721
man3303,account2736
woman2697,account2226
man2512,account2071
woman4133,account3418
woman3154,account2613
man2296,account1892
woman482,account398
man1362,account1133
man337,account279
woman8678,account7190
man3560,account2947
man3871,account3201
woman1074,account891
man728,account608
woman3275,account2713
woman2804,account2317
woman2381,account1958
man884,account736
man4159,account3438
woman1738,account1432
woman3379,account2796
man3864,account3196
woman2970,account2459
woman1526,account1264
man3743,account3094
man3555,account2944
woman4486,account3720
man1857,account1532
woman3827,account3164
man357,account293
man1968,account1623
man2903,account2404
woman6545,account5422
man3398,account2813
man4558,account3780
woman2346,account1931
man4306,account3568
man1726,account1423
man1261,account1050
