<http://dbpedia.org/resource/OpenLink_Software>,<http://en.wikipedia.org/wiki/OpenLink_Software>
<http://dbpedia.org/resource/Scots_language>,<http://en.wikipedia.org/wiki/Scots_language>
<http://dbpedia.org/resource/ISO_3166-1_alpha-3>,<http://en.wikipedia.org/wiki/ISO_3166-1_alpha-3>
<http://dbpedia.org/resource/German_Kim>,<http://en.wikipedia.org/wiki/German_Kim>
<http://dbpedia.org/resource/Rebol>,<http://en.wikipedia.org/wiki/Rebol>
<http://dbpedia.org/resource/The_Asiatic_Society>,<http://en.wikipedia.org/wiki/The_Asiatic_Society>
<http://dbpedia.org/resource/Main_Page>,<http://en.wikipedia.org/wiki/Main_Page>
<http://dbpedia.org/resource/Ewart_Park_Phase>,<http://en.wikipedia.org/wiki/Ewart_Park_Phase>
<http://dbpedia.org/resource/Knighton_Heath_Period>,<http://en.wikipedia.org/wiki/Knighton_Heath_Period>
<http://dbpedia.org/resource/Mount_Pleasant_Phase>,<http://en.wikipedia.org/wiki/Mount_Pleasant_Phase>
<http://dbpedia.org/resource/List>,<http://en.wikipedia.org/wiki/List>
<http://dbpedia.org/resource/$100000_Bar>,<http://en.wikipedia.org/wiki/$100000_Bar>
<http://dbpedia.org/resource/$100000_Bars>,<http://en.wikipedia.org/wiki/$100000_Bars>
<http://dbpedia.org/resource/'Abd_al-Latif>,<http://en.wikipedia.org/wiki/'Abd_al-Latif>
<http://dbpedia.org/resource/'Ali_ibn_al-'Abbas_al-Majusi>,<http://en.wikipedia.org/wiki/'Ali_ibn_al-'Abbas_al-Majusi>
<http://dbpedia.org/resource/(148209)_2000_CR105>,<http://en.wikipedia.org/wiki/(148209)_2000_CR105>
<http://dbpedia.org/resource/(B_N)_pair>,<http://en.wikipedia.org/wiki/(B_N)_pair>
<http://dbpedia.org/resource/(I_Know)_I'm_Losing_You>,<http://en.wikipedia.org/wiki/(I_Know)_I'm_Losing_You>
<http://dbpedia.org/resource/(This_Is)_The_Dream_of_Evan_and_Chan>,<http://en.wikipedia.org/wiki/(This_Is)_The_Dream_of_Evan_and_Chan>
<http://dbpedia.org/resource/-mancy>,<http://en.wikipedia.org/wiki/-mancy>
<http://dbpedia.org/resource/...Trail_of_Dead>,<http://en.wikipedia.org/wiki/...Trail_of_Dead>
<http://dbpedia.org/resource/...ish_(audio_drama)>,<http://en.wikipedia.org/wiki/...ish_(audio_drama)>
<http://dbpedia.org/resource/.270_Winchester>,<http://en.wikipedia.org/wiki/.270_Winchester>
<http://dbpedia.org/resource/.com_bubble>,<http://en.wikipedia.org/wiki/.com_bubble>
<http://dbpedia.org/resource/.hack//>,<http://en.wikipedia.org/wiki/.hack//>
<http://dbpedia.org/resource/.tv_(TV_channel)>,<http://en.wikipedia.org/wiki/.tv_(TV_channel)>
<http://dbpedia.org/resource/0_A.D._(video_game)>,<http://en.wikipedia.org/wiki/0_A.D._(video_game)>
<http://dbpedia.org/resource/0_Kelvin>,<http://en.wikipedia.org/wiki/0_Kelvin>
<http://dbpedia.org/resource/11-Difluoroethane>,<http://en.wikipedia.org/wiki/11-Difluoroethane>
<http://dbpedia.org/resource/11-difluoroethane>,<http://en.wikipedia.org/wiki/11-difluoroethane>
<http://dbpedia.org/resource/12-Wittig_rearrangement>,<http://en.wikipedia.org/wiki/12-Wittig_rearrangement>
<http://dbpedia.org/resource/12-rearrangement>,<http://en.wikipedia.org/wiki/12-rearrangement>
<http://dbpedia.org/resource/14-diazabicyclo(2.2.2)octane>,<http://en.wikipedia.org/wiki/14-diazabicyclo(2.2.2)octane>
<http://dbpedia.org/resource/18-Diazabicyclo(5.4.0)undec-7-ene>,<http://en.wikipedia.org/wiki/18-Diazabicyclo(5.4.0)undec-7-ene>
<http://dbpedia.org/resource/1_2_Step>,<http://en.wikipedia.org/wiki/1_2_Step>
<http://dbpedia.org/resource/1-san>,<http://en.wikipedia.org/wiki/1-san>
<http://dbpedia.org/resource/100000_B.C.>,<http://en.wikipedia.org/wiki/100000_B.C.>
<http://dbpedia.org/resource/1000Fryd>,<http://en.wikipedia.org/wiki/1000Fryd>
<http://dbpedia.org/resource/1000_characters>,<http://en.wikipedia.org/wiki/1000_characters>
<http://dbpedia.org/resource/1000_letters>,<http://en.wikipedia.org/wiki/1000_letters>
<http://dbpedia.org/resource/1000fryd>,<http://en.wikipedia.org/wiki/1000fryd>
<http://dbpedia.org/resource/100_Grand_Bars>,<http://en.wikipedia.org/wiki/100_Grand_Bars>
<http://dbpedia.org/resource/100_Million_Bon_Jovi_Fans_Can't_Be_Wrong_(Box_Set)>,<http://en.wikipedia.org/wiki/100_Million_Bon_Jovi_Fans_Can't_Be_Wrong_(Box_Set)>
<http://dbpedia.org/resource/1024-QAM>,<http://en.wikipedia.org/wiki/1024-QAM>
<http://dbpedia.org/resource/1024QAM>,<http://en.wikipedia.org/wiki/1024QAM>
<http://dbpedia.org/resource/1050_espn_radio>,<http://en.wikipedia.org/wiki/1050_espn_radio>
<http://dbpedia.org/resource/106_&_Park>,<http://en.wikipedia.org/wiki/106_&_Park>
<http://dbpedia.org/resource/109th_Congress>,<http://en.wikipedia.org/wiki/109th_Congress>
<http://dbpedia.org/resource/10Base-T>,<http://en.wikipedia.org/wiki/10Base-T>
<http://dbpedia.org/resource/10_AD>,<http://en.wikipedia.org/wiki/10_AD>
<http://dbpedia.org/resource/10_Haparsim_Street>,<http://en.wikipedia.org/wiki/10_Haparsim_Street>
<http://dbpedia.org/resource/10th_Avenue>,<http://en.wikipedia.org/wiki/10th_Avenue>
<http://dbpedia.org/resource/10th_Earl_of_Dundonald>,<http://en.wikipedia.org/wiki/10th_Earl_of_Dundonald>
<http://dbpedia.org/resource/10th_panchen_lama>,<http://en.wikipedia.org/wiki/10th_panchen_lama>
<http://dbpedia.org/resource/110_block>,<http://en.wikipedia.org/wiki/110_block>
<http://dbpedia.org/resource/1199_BC>,<http://en.wikipedia.org/wiki/1199_BC>
<http://dbpedia.org/resource/11_AD>,<http://en.wikipedia.org/wiki/11_AD>
<http://dbpedia.org/resource/11th_Avenue_(Manhattan)>,<http://en.wikipedia.org/wiki/11th_Avenue_(Manhattan)>
<http://dbpedia.org/resource/11th_Dalai_Lama>,<http://en.wikipedia.org/wiki/11th_Dalai_Lama>
<http://dbpedia.org/resource/1202_BC>,<http://en.wikipedia.org/wiki/1202_BC>
<http://dbpedia.org/resource/1203_BC>,<http://en.wikipedia.org/wiki/1203_BC>
<http://dbpedia.org/resource/1214_BC>,<http://en.wikipedia.org/wiki/1214_BC>
<http://dbpedia.org/resource/1225_BC>,<http://en.wikipedia.org/wiki/1225_BC>
<http://dbpedia.org/resource/1226_BC>,<http://en.wikipedia.org/wiki/1226_BC>
<http://dbpedia.org/resource/122_Leadenhall_Street>,<http://en.wikipedia.org/wiki/122_Leadenhall_Street>
<http://dbpedia.org/resource/128-QAM>,<http://en.wikipedia.org/wiki/128-QAM>
<http://dbpedia.org/resource/128-bit_computing>,<http://en.wikipedia.org/wiki/128-bit_computing>
<http://dbpedia.org/resource/128QAM>,<http://en.wikipedia.org/wiki/128QAM>
<http://dbpedia.org/resource/1292_BC>,<http://en.wikipedia.org/wiki/1292_BC>
<http://dbpedia.org/resource/1293_BC>,<http://en.wikipedia.org/wiki/1293_BC>
<http://dbpedia.org/resource/1298_BC>,<http://en.wikipedia.org/wiki/1298_BC>
<http://dbpedia.org/resource/12_AD>,<http://en.wikipedia.org/wiki/12_AD>
<http://dbpedia.org/resource/12_Days_Of_Christmas>,<http://en.wikipedia.org/wiki/12_Days_Of_Christmas>
<http://dbpedia.org/resource/12_inches>,<http://en.wikipedia.org/wiki/12_inches>
<http://dbpedia.org/resource/12th_Dalai_Lama>,<http://en.wikipedia.org/wiki/12th_Dalai_Lama>
<http://dbpedia.org/resource/12th_millennium_BC>,<http://en.wikipedia.org/wiki/12th_millennium_BC>
<http://dbpedia.org/resource/13_Chapters>,<http://en.wikipedia.org/wiki/13_Chapters>
<http://dbpedia.org/resource/13_chapters>,<http://en.wikipedia.org/wiki/13_chapters>
<http://dbpedia.org/resource/13e_arrondissement>,<http://en.wikipedia.org/wiki/13e_arrondissement>
<http://dbpedia.org/resource/13th_Air_Force>,<http://en.wikipedia.org/wiki/13th_Air_Force>
<http://dbpedia.org/resource/13th_Dalai_Lama>,<http://en.wikipedia.org/wiki/13th_Dalai_Lama>
<http://dbpedia.org/resource/13th_dalai_lama>,<http://en.wikipedia.org/wiki/13th_dalai_lama>
<http://dbpedia.org/resource/143_(number)>,<http://en.wikipedia.org/wiki/143_(number)>
<http://dbpedia.org/resource/14_Wall_Street>,<http://en.wikipedia.org/wiki/14_Wall_Street>
<http://dbpedia.org/resource/14th_Street_N.W._(DC)>,<http://en.wikipedia.org/wiki/14th_Street_N.W._(DC)>
<http://dbpedia.org/resource/14th_Street_(Washington_D.C.)>,<http://en.wikipedia.org/wiki/14th_Street_(Washington_D.C.)>
<http://dbpedia.org/resource/14th_millennium_BC>,<http://en.wikipedia.org/wiki/14th_millennium_BC>
<http://dbpedia.org/resource/15_AD>,<http://en.wikipedia.org/wiki/15_AD>
<http://dbpedia.org/resource/15_kV_AC_railway_electrification>,<http://en.wikipedia.org/wiki/15_kV_AC_railway_electrification>
<http://dbpedia.org/resource/16-QAM>,<http://en.wikipedia.org/wiki/16-QAM>
<http://dbpedia.org/resource/16-VSB>,<http://en.wikipedia.org/wiki/16-VSB>
<http://dbpedia.org/resource/16QAM>,<http://en.wikipedia.org/wiki/16QAM>
<http://dbpedia.org/resource/16Volt>,<http://en.wikipedia.org/wiki/16Volt>
<http://dbpedia.org/resource/16_AD>,<http://en.wikipedia.org/wiki/16_AD>
<http://dbpedia.org/resource/16_Horsepower>,<http://en.wikipedia.org/wiki/16_Horsepower>
<http://dbpedia.org/resource/1700_in_music>,<http://en.wikipedia.org/wiki/1700_in_music>
<http://dbpedia.org/resource/1701_in_music>,<http://en.wikipedia.org/wiki/1701_in_music>
<http://dbpedia.org/resource/1703_in_music>,<http://en.wikipedia.org/wiki/1703_in_music>
<http://dbpedia.org/resource/1704_in_music>,<http://en.wikipedia.org/wiki/1704_in_music>
<http://dbpedia.org/resource/1705_in_music>,<http://en.wikipedia.org/wiki/1705_in_music>
<http://dbpedia.org/resource/1791_BC>,<http://en.wikipedia.org/wiki/1791_BC>
<http://dbpedia.org/resource/17_AD>,<http://en.wikipedia.org/wiki/17_AD>
<http://dbpedia.org/resource/17th_centuries>,<http://en.wikipedia.org/wiki/17th_centuries>
<http://dbpedia.org/resource/1820s_(Mormonism)>,<http://en.wikipedia.org/wiki/1820s_(Mormonism)>
<http://dbpedia.org/resource/1830s_in_Mormonism>,<http://en.wikipedia.org/wiki/1830s_in_Mormonism>
<http://dbpedia.org/resource/1840s_(Mormonism)>,<http://en.wikipedia.org/wiki/1840s_(Mormonism)>
<http://dbpedia.org/resource/1850s_(LDS)>,<http://en.wikipedia.org/wiki/1850s_(LDS)>
<http://dbpedia.org/resource/1852_Democratic_National_Convention>,<http://en.wikipedia.org/wiki/1852_Democratic_National_Convention>
<http://dbpedia.org/resource/1855_in_art>,<http://en.wikipedia.org/wiki/1855_in_art>
<http://dbpedia.org/resource/1860s_(LDS)>,<http://en.wikipedia.org/wiki/1860s_(LDS)>
<http://dbpedia.org/resource/1864_Constitution_of_the_Hawaiian_Kingdom>,<http://en.wikipedia.org/wiki/1864_Constitution_of_the_Hawaiian_Kingdom>
<http://dbpedia.org/resource/1870s_(LDS)>,<http://en.wikipedia.org/wiki/1870s_(LDS)>
<http://dbpedia.org/resource/1871_US_Korea_Campaign>,<http://en.wikipedia.org/wiki/1871_US_Korea_Campaign>
<http://dbpedia.org/resource/1880s_(LDS)>,<http://en.wikipedia.org/wiki/1880s_(LDS)>
<http://dbpedia.org/resource/1887_Constitution_of_the_Hawaiian_Kingdom>,<http://en.wikipedia.org/wiki/1887_Constitution_of_the_Hawaiian_Kingdom>
<http://dbpedia.org/resource/1888_in_art>,<http://en.wikipedia.org/wiki/1888_in_art>
<http://dbpedia.org/resource/1890s_(LDS)>,<http://en.wikipedia.org/wiki/1890s_(LDS)>
<http://dbpedia.org/resource/1893_Sea_Islands_hurricane>,<http://en.wikipedia.org/wiki/1893_Sea_Islands_hurricane>
<http://dbpedia.org/resource/1893_sea_islands_hurricane>,<http://en.wikipedia.org/wiki/1893_sea_islands_hurricane>
<http://dbpedia.org/resource/18_AD>,<http://en.wikipedia.org/wiki/18_AD>
<http://dbpedia.org/resource/19-gun_salute>,<http://en.wikipedia.org/wiki/19-gun_salute>
<http://dbpedia.org/resource/1900s_(LDS)>,<http://en.wikipedia.org/wiki/1900s_(LDS)>
<http://dbpedia.org/resource/1905_Kanchenjunga_expedition>,<http://en.wikipedia.org/wiki/1905_Kanchenjunga_expedition>
<http://dbpedia.org/resource/1908_in_South_Africa>,<http://en.wikipedia.org/wiki/1908_in_South_Africa>
<http://dbpedia.org/resource/1910_World_Missionary_Conference>,<http://en.wikipedia.org/wiki/1910_World_Missionary_Conference>
<http://dbpedia.org/resource/1910s_(LDS)>,<http://en.wikipedia.org/wiki/1910s_(LDS)>
<http://dbpedia.org/resource/1913_Atlantic_hurricane_season>,<http://en.wikipedia.org/wiki/1913_Atlantic_hurricane_season>
<http://dbpedia.org/resource/1914_United_States_Senate_elections>,<http://en.wikipedia.org/wiki/1914_United_States_Senate_elections>
<http://dbpedia.org/resource/1916_United_States_Senate_elections>,<http://en.wikipedia.org/wiki/1916_United_States_Senate_elections>
<http://dbpedia.org/resource/1920s_(LDS)>,<http://en.wikipedia.org/wiki/1920s_(LDS)>
<http://dbpedia.org/resource/1922_Locomotive_Cyclopedia_of_American_Practice>,<http://en.wikipedia.org/wiki/1922_Locomotive_Cyclopedia_of_American_Practice>
<http://dbpedia.org/resource/1928_Lake_Okeechobee_Hurricane>,<http://en.wikipedia.org/wiki/1928_Lake_Okeechobee_Hurricane>
<http://dbpedia.org/resource/1928_Okeechobee_hurricane>,<http://en.wikipedia.org/wiki/1928_Okeechobee_hurricane>
<http://dbpedia.org/resource/1930_British_Empire_Games_Medal_Count>,<http://en.wikipedia.org/wiki/1930_British_Empire_Games_Medal_Count>
<http://dbpedia.org/resource/1930_British_Empire_Games_medal_count>,<http://en.wikipedia.org/wiki/1930_British_Empire_Games_medal_count>
<http://dbpedia.org/resource/1934_British_Empire_Games_Medal_Count>,<http://en.wikipedia.org/wiki/1934_British_Empire_Games_Medal_Count>
<http://dbpedia.org/resource/1934_British_Empire_Games_medal_count>,<http://en.wikipedia.org/wiki/1934_British_Empire_Games_medal_count>
<http://dbpedia.org/resource/1938_British_Empire_Games_Medal_Count>,<http://en.wikipedia.org/wiki/1938_British_Empire_Games_Medal_Count>
<http://dbpedia.org/resource/1938_British_Empire_Games_medal_count>,<http://en.wikipedia.org/wiki/1938_British_Empire_Games_medal_count>
<http://dbpedia.org/resource/1938_in_India>,<http://en.wikipedia.org/wiki/1938_in_India>
<http://dbpedia.org/resource/1939_papal_conclave>,<http://en.wikipedia.org/wiki/1939_papal_conclave>
<http://dbpedia.org/resource/1940_Norton_Fitzwarren_rail_crash>,<http://en.wikipedia.org/wiki/1940_Norton_Fitzwarren_rail_crash>
<http://dbpedia.org/resource/1940s_(LDS)>,<http://en.wikipedia.org/wiki/1940s_(LDS)>
<http://dbpedia.org/resource/1950_British_Empire_Games_Medal_Count>,<http://en.wikipedia.org/wiki/1950_British_Empire_Games_Medal_Count>
<http://dbpedia.org/resource/1950_British_Empire_Games_medal_count>,<http://en.wikipedia.org/wiki/1950_British_Empire_Games_medal_count>
<http://dbpedia.org/resource/1950s_(LDS)>,<http://en.wikipedia.org/wiki/1950s_(LDS)>
<http://dbpedia.org/resource/1954_British_Empire_and_Commonwealth_Games_Medal_Count>,<http://en.wikipedia.org/wiki/1954_British_Empire_and_Commonwealth_Games_Medal_Count>
<http://dbpedia.org/resource/1954_British_Empire_and_Commonwealth_Games_medal_count>,<http://en.wikipedia.org/wiki/1954_British_Empire_and_Commonwealth_Games_medal_count>
<http://dbpedia.org/resource/1956_Georgian_demonstrations>,<http://en.wikipedia.org/wiki/1956_Georgian_demonstrations>
<http://dbpedia.org/resource/1956_Hong_Kong_riots>,<http://en.wikipedia.org/wiki/1956_Hong_Kong_riots>
<http://dbpedia.org/resource/1959_Manitoba_general_election>,<http://en.wikipedia.org/wiki/1959_Manitoba_general_election>
<http://dbpedia.org/resource/1960s_(LDS)>,<http://en.wikipedia.org/wiki/1960s_(LDS)>
<http://dbpedia.org/resource/1964_Republican_National_Convention>,<http://en.wikipedia.org/wiki/1964_Republican_National_Convention>
<http://dbpedia.org/resource/1968_Washington_D.C._riots>,<http://en.wikipedia.org/wiki/1968_Washington_D.C._riots>
<http://dbpedia.org/resource/1969_ALCS>,<http://en.wikipedia.org/wiki/1969_ALCS>
<http://dbpedia.org/resource/1969_American_League_Championship_Series>,<http://en.wikipedia.org/wiki/1969_American_League_Championship_Series>
<http://dbpedia.org/resource/1969_NLCS>,<http://en.wikipedia.org/wiki/1969_NLCS>
<http://dbpedia.org/resource/1969_National_League_Championship_Series>,<http://en.wikipedia.org/wiki/1969_National_League_Championship_Series>
<http://dbpedia.org/resource/1970s_(LDS)>,<http://en.wikipedia.org/wiki/1970s_(LDS)>
<http://dbpedia.org/resource/1972_ALCS>,<http://en.wikipedia.org/wiki/1972_ALCS>
<http://dbpedia.org/resource/1972_American_League_Championship_Series>,<http://en.wikipedia.org/wiki/1972_American_League_Championship_Series>
<http://dbpedia.org/resource/1975_ALCS>,<http://en.wikipedia.org/wiki/1975_ALCS>
<http://dbpedia.org/resource/1975_American_League_Championship_Series>,<http://en.wikipedia.org/wiki/1975_American_League_Championship_Series>
<http://dbpedia.org/resource/1975_British_Colubmia_election>,<http://en.wikipedia.org/wiki/1975_British_Colubmia_election>
<http://dbpedia.org/resource/1975–76_NFL_playoffs>,<http://en.wikipedia.org/wiki/1975–76_NFL_playoffs>
<http://dbpedia.org/resource/1976–77_NFL_playoffs>,<http://en.wikipedia.org/wiki/1976–77_NFL_playoffs>
<http://dbpedia.org/resource/1977–78_NFL_playoffs>,<http://en.wikipedia.org/wiki/1977–78_NFL_playoffs>
<http://dbpedia.org/resource/1978_European_Athletics_Championships>,<http://en.wikipedia.org/wiki/1978_European_Athletics_Championships>
<http://dbpedia.org/resource/1978_smallpox_outbreak_in_the_United_Kingdom>,<http://en.wikipedia.org/wiki/1978_smallpox_outbreak_in_the_United_Kingdom>
<http://dbpedia.org/resource/1978–79_NFL_playoffs>,<http://en.wikipedia.org/wiki/1978–79_NFL_playoffs>
<http://dbpedia.org/resource/1979_in_art>,<http://en.wikipedia.org/wiki/1979_in_art>
<http://dbpedia.org/resource/1979–80_NFL_playoffs>,<http://en.wikipedia.org/wiki/1979–80_NFL_playoffs>
<http://dbpedia.org/resource/1980s_(LDS)>,<http://en.wikipedia.org/wiki/1980s_(LDS)>
<http://dbpedia.org/resource/1980–81_NFL_playoffs>,<http://en.wikipedia.org/wiki/1980–81_NFL_playoffs>
<http://dbpedia.org/resource/1981–82_NFL_playoffs>,<http://en.wikipedia.org/wiki/1981–82_NFL_playoffs>
<http://dbpedia.org/resource/1984_(disambiguation)>,<http://en.wikipedia.org/wiki/1984_(disambiguation)>
<http://dbpedia.org/resource/1984_in_art>,<http://en.wikipedia.org/wiki/1984_in_art>
<http://dbpedia.org/resource/1985_Beirut_car_bombings>,<http://en.wikipedia.org/wiki/1985_Beirut_car_bombings>
<http://dbpedia.org/resource/1986_in_art>,<http://en.wikipedia.org/wiki/1986_in_art>
<http://dbpedia.org/resource/1987_Edgecumbe_earthquake>,<http://en.wikipedia.org/wiki/1987_Edgecumbe_earthquake>
<http://dbpedia.org/resource/1987_in_art>,<http://en.wikipedia.org/wiki/1987_in_art>
<http://dbpedia.org/resource/1988_in_art>,<http://en.wikipedia.org/wiki/1988_in_art>
<http://dbpedia.org/resource/1990_Stanley_Cup_Finals>,<http://en.wikipedia.org/wiki/1990_Stanley_Cup_Finals>
<http://dbpedia.org/resource/1991_Bangladesh_Cyclone>,<http://en.wikipedia.org/wiki/1991_Bangladesh_Cyclone>
<http://dbpedia.org/resource/1991_Bangladesh_cyclone>,<http://en.wikipedia.org/wiki/1991_Bangladesh_cyclone>
<http://dbpedia.org/resource/1991_NLCS>,<http://en.wikipedia.org/wiki/1991_NLCS>
<http://dbpedia.org/resource/1991_National_League_Championship_Series>,<http://en.wikipedia.org/wiki/1991_National_League_Championship_Series>
<http://dbpedia.org/resource/1992_WS>,<http://en.wikipedia.org/wiki/1992_WS>
<http://dbpedia.org/resource/1993_Newbury_by-election>,<http://en.wikipedia.org/wiki/1993_Newbury_by-election>
<http://dbpedia.org/resource/1993_Stanley_Cup_Finals>,<http://en.wikipedia.org/wiki/1993_Stanley_Cup_Finals>
<http://dbpedia.org/resource/1994_Commonwealth_Games_Medal_Count>,<http://en.wikipedia.org/wiki/1994_Commonwealth_Games_Medal_Count>
<http://dbpedia.org/resource/1994_Commonwealth_Games_medal_count>,<http://en.wikipedia.org/wiki/1994_Commonwealth_Games_medal_count>
<http://dbpedia.org/resource/1995_Copa_América>,<http://en.wikipedia.org/wiki/1995_Copa_América>
<http://dbpedia.org/resource/1995_NHL_Stanley_Cup_Playoffs>,<http://en.wikipedia.org/wiki/1995_NHL_Stanley_Cup_Playoffs>
<http://dbpedia.org/resource/1995_Stanley_Cup_Finals>,<http://en.wikipedia.org/wiki/1995_Stanley_Cup_Finals>
<http://dbpedia.org/resource/1995_in_art>,<http://en.wikipedia.org/wiki/1995_in_art>
<http://dbpedia.org/resource/1996_Quebec_student_protests>,<http://en.wikipedia.org/wiki/1996_Quebec_student_protests>
<http://dbpedia.org/resource/1997_Stanley_Cup_Finals>,<http://en.wikipedia.org/wiki/1997_Stanley_Cup_Finals>
<http://dbpedia.org/resource/1997_in_art>,<http://en.wikipedia.org/wiki/1997_in_art>
<http://dbpedia.org/resource/1998_Bavarian_state_election>,<http://en.wikipedia.org/wiki/1998_Bavarian_state_election>
<http://dbpedia.org/resource/1998_Commonwealth_Games_Medal_Count>,<http://en.wikipedia.org/wiki/1998_Commonwealth_Games_Medal_Count>
<http://dbpedia.org/resource/1998_Commonwealth_Games_medal_count>,<http://en.wikipedia.org/wiki/1998_Commonwealth_Games_medal_count>
<http://dbpedia.org/resource/1998_Lower_Saxony_state_election>,<http://en.wikipedia.org/wiki/1998_Lower_Saxony_state_election>
<http://dbpedia.org/resource/1999_Bremen_state_election>,<http://en.wikipedia.org/wiki/1999_Bremen_state_election>
<http://dbpedia.org/resource/1999_Hessian_state_election>,<http://en.wikipedia.org/wiki/1999_Hessian_state_election>
<http://dbpedia.org/resource/1999_in_art>,<http://en.wikipedia.org/wiki/1999_in_art>
<http://dbpedia.org/resource/19_AD>,<http://en.wikipedia.org/wiki/19_AD>
<http://dbpedia.org/resource/19th_dynasty>,<http://en.wikipedia.org/wiki/19th_dynasty>
<http://dbpedia.org/resource/1_(UK)_Armoured_Division>,<http://en.wikipedia.org/wiki/1_(UK)_Armoured_Division>
<http://dbpedia.org/resource/1_Clement>,<http://en.wikipedia.org/wiki/1_Clement>
<http://dbpedia.org/resource/1_Spadina_Crescent>,<http://en.wikipedia.org/wiki/1_Spadina_Crescent>
<http://dbpedia.org/resource/1_Wall_Street>,<http://en.wikipedia.org/wiki/1_Wall_Street>
<http://dbpedia.org/resource/1_no_longer_prime>,<http://en.wikipedia.org/wiki/1_no_longer_prime>
<http://dbpedia.org/resource/1st_(Halifax-Dartmouth)_Field_Artillery_Regiment>,<http://en.wikipedia.org/wiki/1st_(Halifax-Dartmouth)_Field_Artillery_Regiment>
<http://dbpedia.org/resource/1st_Baron_Coventry>,<http://en.wikipedia.org/wiki/1st_Baron_Coventry>
<http://dbpedia.org/resource/1st_Earl_Cowper>,<http://en.wikipedia.org/wiki/1st_Earl_Cowper>
<http://dbpedia.org/resource/1st_Earl_of_Cottenham>,<http://en.wikipedia.org/wiki/1st_Earl_of_Cottenham>
<http://dbpedia.org/resource/1st_Infantry_Division_(Romania)>,<http://en.wikipedia.org/wiki/1st_Infantry_Division_(Romania)>
<http://dbpedia.org/resource/2-QAM>,<http://en.wikipedia.org/wiki/2-QAM>
<http://dbpedia.org/resource/2-butene>,<http://en.wikipedia.org/wiki/2-butene>
<http://dbpedia.org/resource/2-methoxybenzaldehyde>,<http://en.wikipedia.org/wiki/2-methoxybenzaldehyde>
<http://dbpedia.org/resource/2-propylpiperidine>,<http://en.wikipedia.org/wiki/2-propylpiperidine>
<http://dbpedia.org/resource/20000_Streets_Under_the_Sky>,<http://en.wikipedia.org/wiki/20000_Streets_Under_the_Sky>
<http://dbpedia.org/resource/20-meter_band>,<http://en.wikipedia.org/wiki/20-meter_band>
<http://dbpedia.org/resource/2000_Naka-Meguro_derailment>,<http://en.wikipedia.org/wiki/2000_Naka-Meguro_derailment>
<http://dbpedia.org/resource/2000_in_archaeology>,<http://en.wikipedia.org/wiki/2000_in_archaeology>
<http://dbpedia.org/resource/2000_in_art>,<http://en.wikipedia.org/wiki/2000_in_art>
<http://dbpedia.org/resource/2000s_(LDS)>,<http://en.wikipedia.org/wiki/2000s_(LDS)>
<http://dbpedia.org/resource/2000s_in_British_music>,<http://en.wikipedia.org/wiki/2000s_in_British_music>
<http://dbpedia.org/resource/2000–2006_municipal_reorganization_in_Quebec>,<http://en.wikipedia.org/wiki/2000–2006_municipal_reorganization_in_Quebec>
<http://dbpedia.org/resource/2001_Bonn_Agreement>,<http://en.wikipedia.org/wiki/2001_Bonn_Agreement>
<http://dbpedia.org/resource/2001_British_&_Irish_Lions_tour_to_Australia>,<http://en.wikipedia.org/wiki/2001_British_&_Irish_Lions_tour_to_Australia>
<http://dbpedia.org/resource/2001_Hamburg_state_election>,<http://en.wikipedia.org/wiki/2001_Hamburg_state_election>
<http://dbpedia.org/resource/2001–02_in_Scottish_football>,<http://en.wikipedia.org/wiki/2001–02_in_Scottish_football>
<http://dbpedia.org/resource/2002_Commonwealth_Games_Medal_Count>,<http://en.wikipedia.org/wiki/2002_Commonwealth_Games_Medal_Count>
<http://dbpedia.org/resource/2002_Commonwealth_Games_medal_count>,<http://en.wikipedia.org/wiki/2002_Commonwealth_Games_medal_count>
<http://dbpedia.org/resource/2002_El_Ayyat_railway_accident>,<http://en.wikipedia.org/wiki/2002_El_Ayyat_railway_accident>
<http://dbpedia.org/resource/2002_Stanley_Cup_Finals>,<http://en.wikipedia.org/wiki/2002_Stanley_Cup_Finals>
<http://dbpedia.org/resource/2002_in_Wales>,<http://en.wikipedia.org/wiki/2002_in_Wales>
<http://dbpedia.org/resource/2002_municipal_mergers>,<http://en.wikipedia.org/wiki/2002_municipal_mergers>
<http://dbpedia.org/resource/2002–03_in_Scottish_football>,<http://en.wikipedia.org/wiki/2002–03_in_Scottish_football>
<http://dbpedia.org/resource/2003_Liberation_Of_Iraq>,<http://en.wikipedia.org/wiki/2003_Liberation_Of_Iraq>
<http://dbpedia.org/resource/2003_Memphis_Summer_Storm>,<http://en.wikipedia.org/wiki/2003_Memphis_Summer_Storm>
<http://dbpedia.org/resource/2003_in_art>,<http://en.wikipedia.org/wiki/2003_in_art>
<http://dbpedia.org/resource/2003–04_in_Scottish_football>,<http://en.wikipedia.org/wiki/2003–04_in_Scottish_football>
<http://dbpedia.org/resource/2004_Adjara_crisis>,<http://en.wikipedia.org/wiki/2004_Adjara_crisis>
<http://dbpedia.org/resource/2004_Albertan_general_election>,<http://en.wikipedia.org/wiki/2004_Albertan_general_election>
<http://dbpedia.org/resource/2004_United_States_presidential_election_in_Connecticut>,<http://en.wikipedia.org/wiki/2004_United_States_presidential_election_in_Connecticut>
<http://dbpedia.org/resource/2004_United_States_presidential_election_in_Hawaii>,<http://en.wikipedia.org/wiki/2004_United_States_presidential_election_in_Hawaii>
<http://dbpedia.org/resource/2004_United_States_presidential_election_in_New_York>,<http://en.wikipedia.org/wiki/2004_United_States_presidential_election_in_New_York>
<http://dbpedia.org/resource/2004–05_in_Scottish_football>,<http://en.wikipedia.org/wiki/2004–05_in_Scottish_football>
<http://dbpedia.org/resource/2005_Andorran_parliamentary_election>,<http://en.wikipedia.org/wiki/2005_Andorran_parliamentary_election>
<http://dbpedia.org/resource/2005_Cannes_Film_Festival>,<http://en.wikipedia.org/wiki/2005_Cannes_Film_Festival>
<http://dbpedia.org/resource/2005_Kuomintang_visits_to_Mailand>,<http://en.wikipedia.org/wiki/2005_Kuomintang_visits_to_Mailand>
<http://dbpedia.org/resource/2005_Men's_Ford_World_Curling_Championships>,<http://en.wikipedia.org/wiki/2005_Men's_Ford_World_Curling_Championships>
<http://dbpedia.org/resource/2005_NFL_Draft>,<http://en.wikipedia.org/wiki/2005_NFL_Draft>
<http://dbpedia.org/resource/2005_Nias_Island_Sea_King_crash>,<http://en.wikipedia.org/wiki/2005_Nias_Island_Sea_King_crash>
<http://dbpedia.org/resource/2005_Pan–Blue_visits_to_mainland_China>,<http://en.wikipedia.org/wiki/2005_Pan–Blue_visits_to_mainland_China>
<http://dbpedia.org/resource/2005_Spanish_Grand_Prix>,<http://en.wikipedia.org/wiki/2005_Spanish_Grand_Prix>
<http://dbpedia.org/resource/2005_Tippeligaen>,<http://en.wikipedia.org/wiki/2005_Tippeligaen>
<http://dbpedia.org/resource/2005_United_States_gubernatorial_elections>,<http://en.wikipedia.org/wiki/2005_United_States_gubernatorial_elections>
<http://dbpedia.org/resource/2005_Virginia_gubernatorial_election>,<http://en.wikipedia.org/wiki/2005_Virginia_gubernatorial_election>
<http://dbpedia.org/resource/2005_World_Social_Forum>,<http://en.wikipedia.org/wiki/2005_World_Social_Forum>
<http://dbpedia.org/resource/2005_in_archaeology>,<http://en.wikipedia.org/wiki/2005_in_archaeology>
<http://dbpedia.org/resource/2005_in_art>,<http://en.wikipedia.org/wiki/2005_in_art>
<http://dbpedia.org/resource/2005_nfl_draft>,<http://en.wikipedia.org/wiki/2005_nfl_draft>
<http://dbpedia.org/resource/2006_California_gubernatorial_election>,<http://en.wikipedia.org/wiki/2006_California_gubernatorial_election>
<http://dbpedia.org/resource/2006_Commonwealth_Games_Medal_Count>,<http://en.wikipedia.org/wiki/2006_Commonwealth_Games_Medal_Count>
<http://dbpedia.org/resource/2006_Commonwealth_Games_medal_table>,<http://en.wikipedia.org/wiki/2006_Commonwealth_Games_medal_table>
<http://dbpedia.org/resource/2006_Oklahoma_gubernatorial_election>,<http://en.wikipedia.org/wiki/2006_Oklahoma_gubernatorial_election>
<http://dbpedia.org/resource/2006_Portuguese_presidential_election>,<http://en.wikipedia.org/wiki/2006_Portuguese_presidential_election>
<http://dbpedia.org/resource/2006_Tennessee_gubernatorial_election>,<http://en.wikipedia.org/wiki/2006_Tennessee_gubernatorial_election>
<http://dbpedia.org/resource/2006_United_States_House_of_Representatives_elections>,<http://en.wikipedia.org/wiki/2006_United_States_House_of_Representatives_elections>
<http://dbpedia.org/resource/2048-QAM>,<http://en.wikipedia.org/wiki/2048-QAM>
<http://dbpedia.org/resource/2048QAM>,<http://en.wikipedia.org/wiki/2048QAM>
<http://dbpedia.org/resource/20_AD>,<http://en.wikipedia.org/wiki/20_AD>
<http://dbpedia.org/resource/20th_Century_Studios_Home_Entertainment>,<http://en.wikipedia.org/wiki/20th_Century_Studios_Home_Entertainment>
<http://dbpedia.org/resource/20th_Dynasty>,<http://en.wikipedia.org/wiki/20th_Dynasty>
<http://dbpedia.org/resource/21_AD>,<http://en.wikipedia.org/wiki/21_AD>
<http://dbpedia.org/resource/221_(number)>,<http://en.wikipedia.org/wiki/221_(number)>
<http://dbpedia.org/resource/2222>,<http://en.wikipedia.org/wiki/2222>
<http://dbpedia.org/resource/2239>,<http://en.wikipedia.org/wiki/2239>
<http://dbpedia.org/resource/224.0.0.22>,<http://en.wikipedia.org/wiki/224.0.0.22>
<http://dbpedia.org/resource/2280s_BC>,<http://en.wikipedia.org/wiki/2280s_BC>
<http://dbpedia.org/resource/2283_BC>,<http://en.wikipedia.org/wiki/2283_BC>
<http://dbpedia.org/resource/22_AD>,<http://en.wikipedia.org/wiki/22_AD>
<http://dbpedia.org/resource/2330s_BC>,<http://en.wikipedia.org/wiki/2330s_BC>
<http://dbpedia.org/resource/2332_BC>,<http://en.wikipedia.org/wiki/2332_BC>
<http://dbpedia.org/resource/23_AD>,<http://en.wikipedia.org/wiki/23_AD>
<http://dbpedia.org/resource/24_AD>,<http://en.wikipedia.org/wiki/24_AD>
<http://dbpedia.org/resource/24_Histories>,<http://en.wikipedia.org/wiki/24_Histories>
<http://dbpedia.org/resource/24_histories>,<http://en.wikipedia.org/wiki/24_histories>
<http://dbpedia.org/resource/250_(number)>,<http://en.wikipedia.org/wiki/250_(number)>
<http://dbpedia.org/resource/256-QAM>,<http://en.wikipedia.org/wiki/256-QAM>
<http://dbpedia.org/resource/256QAM>,<http://en.wikipedia.org/wiki/256QAM>
<http://dbpedia.org/resource/25_AD>,<http://en.wikipedia.org/wiki/25_AD>
<http://dbpedia.org/resource/25_kV_AC_railway_electrification>,<http://en.wikipedia.org/wiki/25_kV_AC_railway_electrification>
<http://dbpedia.org/resource/25th_New_Zealand_Parliament>,<http://en.wikipedia.org/wiki/25th_New_Zealand_Parliament>
<http://dbpedia.org/resource/26_AD>,<http://en.wikipedia.org/wiki/26_AD>
<http://dbpedia.org/resource/27_AD>,<http://en.wikipedia.org/wiki/27_AD>
<http://dbpedia.org/resource/27_Tauri>,<http://en.wikipedia.org/wiki/27_Tauri>
<http://dbpedia.org/resource/28_AD>,<http://en.wikipedia.org/wiki/28_AD>
<http://dbpedia.org/resource/28_U.S.C._2254>,<http://en.wikipedia.org/wiki/28_U.S.C._2254>
<http://dbpedia.org/resource/291_(art_gallery)>,<http://en.wikipedia.org/wiki/291_(art_gallery)>
<http://dbpedia.org/resource/29_AD>,<http://en.wikipedia.org/wiki/29_AD>
<http://dbpedia.org/resource/29er_(bicycle)>,<http://en.wikipedia.org/wiki/29er_(bicycle)>
<http://dbpedia.org/resource/29th_Avenue_station>,<http://en.wikipedia.org/wiki/29th_Avenue_station>
<http://dbpedia.org/resource/2D_fighting_game>,<http://en.wikipedia.org/wiki/2D_fighting_game>
<http://dbpedia.org/resource/2Gether>,<http://en.wikipedia.org/wiki/2Gether>
<http://dbpedia.org/resource/2QAM>,<http://en.wikipedia.org/wiki/2QAM>
<http://dbpedia.org/resource/2_(year)>,<http://en.wikipedia.org/wiki/2_(year)>
<http://dbpedia.org/resource/2_Clement>,<http://en.wikipedia.org/wiki/2_Clement>
<http://dbpedia.org/resource/2_Skinnee_Js>,<http://en.wikipedia.org/wiki/2_Skinnee_Js>
<http://dbpedia.org/resource/2nd_Circuit>,<http://en.wikipedia.org/wiki/2nd_Circuit>
<http://dbpedia.org/resource/2nd_cousin>,<http://en.wikipedia.org/wiki/2nd_cousin>
<http://dbpedia.org/resource/34-Methylenedioxyphenylpropan-2-one>,<http://en.wikipedia.org/wiki/34-Methylenedioxyphenylpropan-2-one>
<http://dbpedia.org/resource/3-7-77>,<http://en.wikipedia.org/wiki/3-7-77>
<http://dbpedia.org/resource/3-S>,<http://en.wikipedia.org/wiki/3-S>
<http://dbpedia.org/resource/300th_Bomber_Command>,<http://en.wikipedia.org/wiki/300th_Bomber_Command>
<http://dbpedia.org/resource/30_AD>,<http://en.wikipedia.org/wiki/30_AD>
<http://dbpedia.org/resource/30_Seconds_To_Mars>,<http://en.wikipedia.org/wiki/30_Seconds_To_Mars>
<http://dbpedia.org/resource/30_meters>,<http://en.wikipedia.org/wiki/30_meters>
<http://dbpedia.org/resource/31_AD>,<http://en.wikipedia.org/wiki/31_AD>
<http://dbpedia.org/resource/32-QAM>,<http://en.wikipedia.org/wiki/32-QAM>
<http://dbpedia.org/resource/32QAM>,<http://en.wikipedia.org/wiki/32QAM>
<http://dbpedia.org/resource/32_AD>,<http://en.wikipedia.org/wiki/32_AD>
<http://dbpedia.org/resource/33_AD>,<http://en.wikipedia.org/wiki/33_AD>
<http://dbpedia.org/resource/34_AD>,<http://en.wikipedia.org/wiki/34_AD>
<http://dbpedia.org/resource/35_AD>,<http://en.wikipedia.org/wiki/35_AD>
<http://dbpedia.org/resource/35th_United_States_Congress>,<http://en.wikipedia.org/wiki/35th_United_States_Congress>
<http://dbpedia.org/resource/36_AD>,<http://en.wikipedia.org/wiki/36_AD>
<http://dbpedia.org/resource/37_AD>,<http://en.wikipedia.org/wiki/37_AD>
<http://dbpedia.org/resource/38_AD>,<http://en.wikipedia.org/wiki/38_AD>
<http://dbpedia.org/resource/39_AD>,<http://en.wikipedia.org/wiki/39_AD>
<http://dbpedia.org/resource/3CG_Records>,<http://en.wikipedia.org/wiki/3CG_Records>
<http://dbpedia.org/resource/3SAT>,<http://en.wikipedia.org/wiki/3SAT>
<http://dbpedia.org/resource/3_AD>,<http://en.wikipedia.org/wiki/3_AD>
<http://dbpedia.org/resource/3_perf_pulldown>,<http://en.wikipedia.org/wiki/3_perf_pulldown>
<http://dbpedia.org/resource/3i_Group>,<http://en.wikipedia.org/wiki/3i_Group>
<http://dbpedia.org/resource/3i_Group_plc>,<http://en.wikipedia.org/wiki/3i_Group_plc>
<http://dbpedia.org/resource/3rd_Guards_Army>,<http://en.wikipedia.org/wiki/3rd_Guards_Army>
<http://dbpedia.org/resource/3rd_cousin>,<http://en.wikipedia.org/wiki/3rd_cousin>
<http://dbpedia.org/resource/4-2-4>,<http://en.wikipedia.org/wiki/4-2-4>
<http://dbpedia.org/resource/4-2-4T>,<http://en.wikipedia.org/wiki/4-2-4T>
<http://dbpedia.org/resource/4-Acetoxy-DiPT>,<http://en.wikipedia.org/wiki/4-Acetoxy-DiPT>
<http://dbpedia.org/resource/4-QAM>,<http://en.wikipedia.org/wiki/4-QAM>
<http://dbpedia.org/resource/4-for-all_pizza>,<http://en.wikipedia.org/wiki/4-for-all_pizza>
<http://dbpedia.org/resource/40-meter_band>,<http://en.wikipedia.org/wiki/40-meter_band>
<http://dbpedia.org/resource/400-Series_U.S._Highways>,<http://en.wikipedia.org/wiki/400-Series_U.S._Highways>
<http://dbpedia.org/resource/4096-QAM>,<http://en.wikipedia.org/wiki/4096-QAM>
<http://dbpedia.org/resource/4096QAM>,<http://en.wikipedia.org/wiki/4096QAM>
<http://dbpedia.org/resource/40_AD>,<http://en.wikipedia.org/wiki/40_AD>
<http://dbpedia.org/resource/40_Bay_Street>,<http://en.wikipedia.org/wiki/40_Bay_Street>
<http://dbpedia.org/resource/40_More_Reasons_to_Hate_Us>,<http://en.wikipedia.org/wiki/40_More_Reasons_to_Hate_Us>
<http://dbpedia.org/resource/4217_Engelhardt>,<http://en.wikipedia.org/wiki/4217_Engelhardt>
<http://dbpedia.org/resource/42_AD>,<http://en.wikipedia.org/wiki/42_AD>
<http://dbpedia.org/resource/42_Below_limited>,<http://en.wikipedia.org/wiki/42_Below_limited>
<http://dbpedia.org/resource/4368_Pillmore>,<http://en.wikipedia.org/wiki/4368_Pillmore>
<http://dbpedia.org/resource/43_AD>,<http://en.wikipedia.org/wiki/43_AD>
<http://dbpedia.org/resource/44_AD>,<http://en.wikipedia.org/wiki/44_AD>
<http://dbpedia.org/resource/45_AD>,<http://en.wikipedia.org/wiki/45_AD>
<http://dbpedia.org/resource/4617_Zadunaisky>,<http://en.wikipedia.org/wiki/4617_Zadunaisky>
<http://dbpedia.org/resource/46_AD>,<http://en.wikipedia.org/wiki/46_AD>
<http://dbpedia.org/resource/46_defense>,<http://en.wikipedia.org/wiki/46_defense>
<http://dbpedia.org/resource/47_AD>,<http://en.wikipedia.org/wiki/47_AD>
<http://dbpedia.org/resource/48May>,<http://en.wikipedia.org/wiki/48May>
<http://dbpedia.org/resource/48_AD>,<http://en.wikipedia.org/wiki/48_AD>
<http://dbpedia.org/resource/48th_Panzer_Corps>,<http://en.wikipedia.org/wiki/48th_Panzer_Corps>
<http://dbpedia.org/resource/49_AD>,<http://en.wikipedia.org/wiki/49_AD>
<http://dbpedia.org/resource/4QAM>,<http://en.wikipedia.org/wiki/4QAM>
<http://dbpedia.org/resource/4_(year)>,<http://en.wikipedia.org/wiki/4_(year)>
<http://dbpedia.org/resource/4_AD>,<http://en.wikipedia.org/wiki/4_AD>
<http://dbpedia.org/resource/4_Haparsim_Street>,<http://en.wikipedia.org/wiki/4_Haparsim_Street>
<http://dbpedia.org/resource/4_Tunes>,<http://en.wikipedia.org/wiki/4_Tunes>
<http://dbpedia.org/resource/5678s>,<http://en.wikipedia.org/wiki/5678s>
<http://dbpedia.org/resource/5-5-5>,<http://en.wikipedia.org/wiki/5-5-5>
<http://dbpedia.org/resource/5-MeO-DALT>,<http://en.wikipedia.org/wiki/5-MeO-DALT>
<http://dbpedia.org/resource/5-MeO-DET>,<http://en.wikipedia.org/wiki/5-MeO-DET>
<http://dbpedia.org/resource/5-MeO-MiPT>,<http://en.wikipedia.org/wiki/5-MeO-MiPT>
<http://dbpedia.org/resource/5-fluorouracil>,<http://en.wikipedia.org/wiki/5-fluorouracil>
<http://dbpedia.org/resource/5-meo-dipt>,<http://en.wikipedia.org/wiki/5-meo-dipt>
<http://dbpedia.org/resource/50000000_Elvis_Fans_Can't_Be_Wrong:_Elvis'_Gold_Records_Volume_2>,<http://en.wikipedia.org/wiki/50000000_Elvis_Fans_Can't_Be_Wrong:_Elvis'_Gold_Records_Volume_2>
<http://dbpedia.org/resource/50-gun_salute>,<http://en.wikipedia.org/wiki/50-gun_salute>
<http://dbpedia.org/resource/501_Urhixidur>,<http://en.wikipedia.org/wiki/501_Urhixidur>
<http://dbpedia.org/resource/5051_Earl_Bathurst>,<http://en.wikipedia.org/wiki/5051_Earl_Bathurst>
<http://dbpedia.org/resource/507th_Maintenance_Company>,<http://en.wikipedia.org/wiki/507th_Maintenance_Company>
<http://dbpedia.org/resource/50_most_prominent_peaks>,<http://en.wikipedia.org/wiki/50_most_prominent_peaks>
<http://dbpedia.org/resource/512-QAM>,<http://en.wikipedia.org/wiki/512-QAM>
<http://dbpedia.org/resource/512QAM>,<http://en.wikipedia.org/wiki/512QAM>
<http://dbpedia.org/resource/5239_Reiki>,<http://en.wikipedia.org/wiki/5239_Reiki>
<http://dbpedia.org/resource/551_BCE>,<http://en.wikipedia.org/wiki/551_BCE>
<http://dbpedia.org/resource/555_phone_number>,<http://en.wikipedia.org/wiki/555_phone_number>
<http://dbpedia.org/resource/5FU>,<http://en.wikipedia.org/wiki/5FU>
<http://dbpedia.org/resource/5_(year)>,<http://en.wikipedia.org/wiki/5_(year)>
<http://dbpedia.org/resource/5_AD>,<http://en.wikipedia.org/wiki/5_AD>
<http://dbpedia.org/resource/5th_Battalion_52d_Air_Defense_Artillery_(United_States)>,<http://en.wikipedia.org/wiki/5th_Battalion_52d_Air_Defense_Artillery_(United_States)>
<http://dbpedia.org/resource/5th_Century_B.C.>,<http://en.wikipedia.org/wiki/5th_Century_B.C.>
<http://dbpedia.org/resource/5th_Century_BC>,<http://en.wikipedia.org/wiki/5th_Century_BC>
<http://dbpedia.org/resource/625_Thrashcore>,<http://en.wikipedia.org/wiki/625_Thrashcore>
<http://dbpedia.org/resource/64-QAM>,<http://en.wikipedia.org/wiki/64-QAM>
<http://dbpedia.org/resource/64QAM>,<http://en.wikipedia.org/wiki/64QAM>
<http://dbpedia.org/resource/6522>,<http://en.wikipedia.org/wiki/6522>
<http://dbpedia.org/resource/65802>,<http://en.wikipedia.org/wiki/65802>
<http://dbpedia.org/resource/65802_Microprocessor>,<http://en.wikipedia.org/wiki/65802_Microprocessor>
<http://dbpedia.org/resource/65C02>,<http://en.wikipedia.org/wiki/65C02>
<http://dbpedia.org/resource/65c802>,<http://en.wikipedia.org/wiki/65c802>
<http://dbpedia.org/resource/65th_Grey_Cup>,<http://en.wikipedia.org/wiki/65th_Grey_Cup>
<http://dbpedia.org/resource/66_block>,<http://en.wikipedia.org/wiki/66_block>
<http://dbpedia.org/resource/68012>,<http://en.wikipedia.org/wiki/68012>
<http://dbpedia.org/resource/69th_United_States_Congress>,<http://en.wikipedia.org/wiki/69th_United_States_Congress>
<http://dbpedia.org/resource/6_AD>,<http://en.wikipedia.org/wiki/6_AD>
<http://dbpedia.org/resource/7.92x57_mm_Mauser>,<http://en.wikipedia.org/wiki/7.92x57_mm_Mauser>
<http://dbpedia.org/resource/741st_Tank_Battalion_(United_States)>,<http://en.wikipedia.org/wiki/741st_Tank_Battalion_(United_States)>
<http://dbpedia.org/resource/772_BC>,<http://en.wikipedia.org/wiki/772_BC>
<http://dbpedia.org/resource/787_Dreamliner>,<http://en.wikipedia.org/wiki/787_Dreamliner>
<http://dbpedia.org/resource/787b>,<http://en.wikipedia.org/wiki/787b>
<http://dbpedia.org/resource/78rpm_record>,<http://en.wikipedia.org/wiki/78rpm_record>
<http://dbpedia.org/resource/7_AD>,<http://en.wikipedia.org/wiki/7_AD>
<http://dbpedia.org/resource/7th_Avenue_(Manhattan)>,<http://en.wikipedia.org/wiki/7th_Avenue_(Manhattan)>
<http://dbpedia.org/resource/7th_Dalai_Lama>,<http://en.wikipedia.org/wiki/7th_Dalai_Lama>
<http://dbpedia.org/resource/7th_Duke_of_Edinburgh's_Own_Gurkha_Rifles>,<http://en.wikipedia.org/wiki/7th_Duke_of_Edinburgh's_Own_Gurkha_Rifles>
<http://dbpedia.org/resource/7th_Gurkha_Rifles>,<http://en.wikipedia.org/wiki/7th_Gurkha_Rifles>
<http://dbpedia.org/resource/8-PSK>,<http://en.wikipedia.org/wiki/8-PSK>
<http://dbpedia.org/resource/8-QAM>,<http://en.wikipedia.org/wiki/8-QAM>
<http://dbpedia.org/resource/80-meter_band>,<http://en.wikipedia.org/wiki/80-meter_band>
<http://dbpedia.org/resource/810_BC>,<http://en.wikipedia.org/wiki/810_BC>
<http://dbpedia.org/resource/811_BC>,<http://en.wikipedia.org/wiki/811_BC>
<http://dbpedia.org/resource/8253>,<http://en.wikipedia.org/wiki/8253>
<http://dbpedia.org/resource/84th_Grey_Cup>,<http://en.wikipedia.org/wiki/84th_Grey_Cup>
<http://dbpedia.org/resource/87th_United_States_Congress>,<http://en.wikipedia.org/wiki/87th_United_States_Congress>
<http://dbpedia.org/resource/89.7_WITR>,<http://en.wikipedia.org/wiki/89.7_WITR>
<http://dbpedia.org/resource/8QAM>,<http://en.wikipedia.org/wiki/8QAM>
<http://dbpedia.org/resource/8_(year)>,<http://en.wikipedia.org/wiki/8_(year)>
<http://dbpedia.org/resource/8_AD>,<http://en.wikipedia.org/wiki/8_AD>
<http://dbpedia.org/resource/8_is_Enough>,<http://en.wikipedia.org/wiki/8_is_Enough>
<http://dbpedia.org/resource/8mm_mauser>,<http://en.wikipedia.org/wiki/8mm_mauser>
<http://dbpedia.org/resource/8th_Dalai_Lama>,<http://en.wikipedia.org/wiki/8th_Dalai_Lama>
<http://dbpedia.org/resource/912_BC>,<http://en.wikipedia.org/wiki/912_BC>
<http://dbpedia.org/resource/9491_Thooft>,<http://en.wikipedia.org/wiki/9491_Thooft>
<http://dbpedia.org/resource/9492_Veltman>,<http://en.wikipedia.org/wiki/9492_Veltman>
<http://dbpedia.org/resource/95th_rifles>,<http://en.wikipedia.org/wiki/95th_rifles>
<http://dbpedia.org/resource/9_(year)>,<http://en.wikipedia.org/wiki/9_(year)>
<http://dbpedia.org/resource/9_AD>,<http://en.wikipedia.org/wiki/9_AD>
<http://dbpedia.org/resource/9th_Avenue>,<http://en.wikipedia.org/wiki/9th_Avenue>
<http://dbpedia.org/resource/9th_Dalai_Lama>,<http://en.wikipedia.org/wiki/9th_Dalai_Lama>
<http://dbpedia.org/resource/A-7_Strikefighter>,<http://en.wikipedia.org/wiki/A-7_Strikefighter>
<http://dbpedia.org/resource/A-Plot>,<http://en.wikipedia.org/wiki/A-Plot>
<http://dbpedia.org/resource/A-Sate>,<http://en.wikipedia.org/wiki/A-Sate>
<http://dbpedia.org/resource/A-sate>,<http://en.wikipedia.org/wiki/A-sate>
<http://dbpedia.org/resource/A.E._Ritchie>,<http://en.wikipedia.org/wiki/A.E._Ritchie>
<http://dbpedia.org/resource/A.F.I>,<http://en.wikipedia.org/wiki/A.F.I>
<http://dbpedia.org/resource/A.H.H._Stuart>,<http://en.wikipedia.org/wiki/A.H.H._Stuart>
<http://dbpedia.org/resource/A.H._Cobby>,<http://en.wikipedia.org/wiki/A.H._Cobby>
<http://dbpedia.org/resource/A.K._Fazlul_Huq>,<http://en.wikipedia.org/wiki/A.K._Fazlul_Huq>
<http://dbpedia.org/resource/A.L.T.>,<http://en.wikipedia.org/wiki/A.L.T.>
<http://dbpedia.org/resource/A.R.C._Selwyn>,<http://en.wikipedia.org/wiki/A.R.C._Selwyn>
<http://dbpedia.org/resource/A.R._Rehman>,<http://en.wikipedia.org/wiki/A.R._Rehman>
<http://dbpedia.org/resource/A.Sate>,<http://en.wikipedia.org/wiki/A.Sate>
<http://dbpedia.org/resource/A.U.S.A.>,<http://en.wikipedia.org/wiki/A.U.S.A.>
<http://dbpedia.org/resource/A._H._Albut>,<http://en.wikipedia.org/wiki/A._H._Albut>
<http://dbpedia.org/resource/A._H._Cobby>,<http://en.wikipedia.org/wiki/A._H._Cobby>
<http://dbpedia.org/resource/A._H._H._Stuart>,<http://en.wikipedia.org/wiki/A._H._H._Stuart>
<http://dbpedia.org/resource/A._K._Fazlul_Huq>,<http://en.wikipedia.org/wiki/A._K._Fazlul_Huq>
<http://dbpedia.org/resource/A._P._J._Kalam>,<http://en.wikipedia.org/wiki/A._P._J._Kalam>
<http://dbpedia.org/resource/A._S._Ørsted>,<http://en.wikipedia.org/wiki/A._S._Ørsted>
<http://dbpedia.org/resource/A._Sate>,<http://en.wikipedia.org/wiki/A._Sate>
<http://dbpedia.org/resource/A._W._F._Edwards>,<http://en.wikipedia.org/wiki/A._W._F._Edwards>
<http://dbpedia.org/resource/A._W._Moltke>,<http://en.wikipedia.org/wiki/A._W._Moltke>
<http://dbpedia.org/resource/A._sate>,<http://en.wikipedia.org/wiki/A._sate>
<http://dbpedia.org/resource/A.sate>,<http://en.wikipedia.org/wiki/A.sate>
<http://dbpedia.org/resource/A/S/L>,<http://en.wikipedia.org/wiki/A/S/L>
<http://dbpedia.org/resource/A1(M)_motorway>,<http://en.wikipedia.org/wiki/A1(M)_motorway>
<http://dbpedia.org/resource/A12_(UK)>,<http://en.wikipedia.org/wiki/A12_(UK)>
<http://dbpedia.org/resource/A14_(UK)>,<http://en.wikipedia.org/wiki/A14_(UK)>
<http://dbpedia.org/resource/A1B_reactor>,<http://en.wikipedia.org/wiki/A1B_reactor>
<http://dbpedia.org/resource/A1GP>,<http://en.wikipedia.org/wiki/A1GP>
<http://dbpedia.org/resource/A1_(UK)>,<http://en.wikipedia.org/wiki/A1_(UK)>
<http://dbpedia.org/resource/A1_highway>,<http://en.wikipedia.org/wiki/A1_highway>
<http://dbpedia.org/resource/A2_freeway_(Romania)>,<http://en.wikipedia.org/wiki/A2_freeway_(Romania)>
<http://dbpedia.org/resource/A2_motorway_(Romania)>,<http://en.wikipedia.org/wiki/A2_motorway_(Romania)>
<http://dbpedia.org/resource/A3_freeway_(Romania)>,<http://en.wikipedia.org/wiki/A3_freeway_(Romania)>
<http://dbpedia.org/resource/A50>,<http://en.wikipedia.org/wiki/A50>
<http://dbpedia.org/resource/A518_road>,<http://en.wikipedia.org/wiki/A518_road>
<http://dbpedia.org/resource/A519_road>,<http://en.wikipedia.org/wiki/A519_road>
<http://dbpedia.org/resource/A6144(M)>,<http://en.wikipedia.org/wiki/A6144(M)>
<http://dbpedia.org/resource/A64_road>,<http://en.wikipedia.org/wiki/A64_road>
<http://dbpedia.org/resource/A6_murder_case>,<http://en.wikipedia.org/wiki/A6_murder_case>
<http://dbpedia.org/resource/A882_road>,<http://en.wikipedia.org/wiki/A882_road>
<http://dbpedia.org/resource/AAL5>,<http://en.wikipedia.org/wiki/AAL5>
<http://dbpedia.org/resource/AASU>,<http://en.wikipedia.org/wiki/AASU>
<http://dbpedia.org/resource/ABAP/4>,<http://en.wikipedia.org/wiki/ABAP/4>
<http://dbpedia.org/resource/ABCA-P>,<http://en.wikipedia.org/wiki/ABCA-P>
<http://dbpedia.org/resource/ABCAP>,<http://en.wikipedia.org/wiki/ABCAP>
<http://dbpedia.org/resource/ABC_A-P>,<http://en.wikipedia.org/wiki/ABC_A-P>
<http://dbpedia.org/resource/ABC_AP>,<http://en.wikipedia.org/wiki/ABC_AP>
<http://dbpedia.org/resource/ABC_Asia-Pacific>,<http://en.wikipedia.org/wiki/ABC_Asia-Pacific>
<http://dbpedia.org/resource/ABC_Australia_(Southeast_Asian_TV_channel)>,<http://en.wikipedia.org/wiki/ABC_Australia_(Southeast_Asian_TV_channel)>
<http://dbpedia.org/resource/AB_Standard_(New_York_City_Subway_car)>,<http://en.wikipedia.org/wiki/AB_Standard_(New_York_City_Subway_car)>
<http://dbpedia.org/resource/AC-130_Gunship>,<http://en.wikipedia.org/wiki/AC-130_Gunship>
<http://dbpedia.org/resource/ACGS>,<http://en.wikipedia.org/wiki/ACGS>
<http://dbpedia.org/resource/ACTED>,<http://en.wikipedia.org/wiki/ACTED>
<http://dbpedia.org/resource/AC_power>,<http://en.wikipedia.org/wiki/AC_power>
<http://dbpedia.org/resource/ADAV>,<http://en.wikipedia.org/wiki/ADAV>
<http://dbpedia.org/resource/ADD/ADHD>,<http://en.wikipedia.org/wiki/ADD/ADHD>
<http://dbpedia.org/resource/AEC_Armoured_Car>,<http://en.wikipedia.org/wiki/AEC_Armoured_Car>
<http://dbpedia.org/resource/AFAIR>,<http://en.wikipedia.org/wiki/AFAIR>
<http://dbpedia.org/resource/AFC_Wallingford>,<http://en.wikipedia.org/wiki/AFC_Wallingford>
<http://dbpedia.org/resource/AFL_Football>,<http://en.wikipedia.org/wiki/AFL_Football>
<http://dbpedia.org/resource/AFRC>,<http://en.wikipedia.org/wiki/AFRC>
<http://dbpedia.org/resource/AFSPC>,<http://en.wikipedia.org/wiki/AFSPC>
<http://dbpedia.org/resource/AHC>,<http://en.wikipedia.org/wiki/AHC>
<http://dbpedia.org/resource/AIDC_Ching-kuo>,<http://en.wikipedia.org/wiki/AIDC_Ching-kuo>
<http://dbpedia.org/resource/AIDS/HIV>,<http://en.wikipedia.org/wiki/AIDS/HIV>
<http://dbpedia.org/resource/AIMS_test>,<http://en.wikipedia.org/wiki/AIMS_test>
<http://dbpedia.org/resource/AIM_Closed_List>,<http://en.wikipedia.org/wiki/AIM_Closed_List>
<http://dbpedia.org/resource/AISB>,<http://en.wikipedia.org/wiki/AISB>
<http://dbpedia.org/resource/AI_Virus_(Traveller)>,<http://en.wikipedia.org/wiki/AI_Virus_(Traveller)>
<http://dbpedia.org/resource/ALEGRA>,<http://en.wikipedia.org/wiki/ALEGRA>
<http://dbpedia.org/resource/ALGOL_68C>,<http://en.wikipedia.org/wiki/ALGOL_68C>
<http://dbpedia.org/resource/ALaw>,<http://en.wikipedia.org/wiki/ALaw>
<http://dbpedia.org/resource/ALynx>,<http://en.wikipedia.org/wiki/ALynx>
<http://dbpedia.org/resource/AMA_Computer_College>,<http://en.wikipedia.org/wiki/AMA_Computer_College>
<http://dbpedia.org/resource/AMA_Computer_University>,<http://en.wikipedia.org/wiki/AMA_Computer_University>
<http://dbpedia.org/resource/AMC_computerized_engine_control>,<http://en.wikipedia.org/wiki/AMC_computerized_engine_control>
<http://dbpedia.org/resource/AMF_Bowling_Centre>,<http://en.wikipedia.org/wiki/AMF_Bowling_Centre>
<http://dbpedia.org/resource/AMosaic_(web_browser)>,<http://en.wikipedia.org/wiki/AMosaic_(web_browser)>
<http://dbpedia.org/resource/ANZAC_Avenue_Canberra>,<http://en.wikipedia.org/wiki/ANZAC_Avenue_Canberra>
<http://dbpedia.org/resource/AOGCM>,<http://en.wikipedia.org/wiki/AOGCM>
<http://dbpedia.org/resource/AOL_Time_Warner_Inc.>,<http://en.wikipedia.org/wiki/AOL_Time_Warner_Inc.>
<http://dbpedia.org/resource/AOLbonics>,<http://en.wikipedia.org/wiki/AOLbonics>
<http://dbpedia.org/resource/AO_Shadowlands>,<http://en.wikipedia.org/wiki/AO_Shadowlands>
<http://dbpedia.org/resource/AP>,<http://en.wikipedia.org/wiki/AP>
<http://dbpedia.org/resource/AP-TV>,<http://en.wikipedia.org/wiki/AP-TV>
<http://dbpedia.org/resource/APTV>,<http://en.wikipedia.org/wiki/APTV>
<http://dbpedia.org/resource/ARCOR>,<http://en.wikipedia.org/wiki/ARCOR>
<http://dbpedia.org/resource/ARH_Tiger>,<http://en.wikipedia.org/wiki/ARH_Tiger>
<http://dbpedia.org/resource/ARIB>,<http://en.wikipedia.org/wiki/ARIB>
<http://dbpedia.org/resource/ARIS>,<http://en.wikipedia.org/wiki/ARIS>
<http://dbpedia.org/resource/ARK>,<http://en.wikipedia.org/wiki/ARK>
<http://dbpedia.org/resource/ASCII_game>,<http://en.wikipedia.org/wiki/ASCII_game>
<http://dbpedia.org/resource/ASCII_games>,<http://en.wikipedia.org/wiki/ASCII_games>
<http://dbpedia.org/resource/ASCII_tab>,<http://en.wikipedia.org/wiki/ASCII_tab>
<http://dbpedia.org/resource/ASEM>,<http://en.wikipedia.org/wiki/ASEM>
<http://dbpedia.org/resource/ASIJ>,<http://en.wikipedia.org/wiki/ASIJ>
<http://dbpedia.org/resource/ASLAV>,<http://en.wikipedia.org/wiki/ASLAV>
<http://dbpedia.org/resource/ASL_Airlines_Hungary>,<http://en.wikipedia.org/wiki/ASL_Airlines_Hungary>
<http://dbpedia.org/resource/ASL_Airlines_Ireland>,<http://en.wikipedia.org/wiki/ASL_Airlines_Ireland>
<http://dbpedia.org/resource/ASOIAF>,<http://en.wikipedia.org/wiki/ASOIAF>
<http://dbpedia.org/resource/ASOS>,<http://en.wikipedia.org/wiki/ASOS>
<http://dbpedia.org/resource/ASUW>,<http://en.wikipedia.org/wiki/ASUW>
<http://dbpedia.org/resource/ASate>,<http://en.wikipedia.org/wiki/ASate>
<http://dbpedia.org/resource/AT-number_system>,<http://en.wikipedia.org/wiki/AT-number_system>
<http://dbpedia.org/resource/ATCT>,<http://en.wikipedia.org/wiki/ATCT>
<http://dbpedia.org/resource/ATI_Multi_Rendering>,<http://en.wikipedia.org/wiki/ATI_Multi_Rendering>
<http://dbpedia.org/resource/ATL_(group)>,<http://en.wikipedia.org/wiki/ATL_(group)>
<http://dbpedia.org/resource/ATM_Adaptation_Layer_5>,<http://en.wikipedia.org/wiki/ATM_Adaptation_Layer_5>
<http://dbpedia.org/resource/AUI_(constructed_language)>,<http://en.wikipedia.org/wiki/AUI_(constructed_language)>
<http://dbpedia.org/resource/AWOS>,<http://en.wikipedia.org/wiki/AWOS>
<http://dbpedia.org/resource/AWSS>,<http://en.wikipedia.org/wiki/AWSS>
<http://dbpedia.org/resource/A_Bell_for_Adano>,<http://en.wikipedia.org/wiki/A_Bell_for_Adano>
<http://dbpedia.org/resource/A_Bill_of_Divorcement_(1932_film)>,<http://en.wikipedia.org/wiki/A_Bill_of_Divorcement_(1932_film)>
<http://dbpedia.org/resource/A_Biographical_Dictionary_of_Civil_Engineers>,<http://en.wikipedia.org/wiki/A_Biographical_Dictionary_of_Civil_Engineers>
<http://dbpedia.org/resource/A_Boy_and_His_Ed>,<http://en.wikipedia.org/wiki/A_Boy_and_His_Ed>
<http://dbpedia.org/resource/A_Call_for_Unity>,<http://en.wikipedia.org/wiki/A_Call_for_Unity>
<http://dbpedia.org/resource/A_Cappella_(Todd_Rundgren_album)>,<http://en.wikipedia.org/wiki/A_Cappella_(Todd_Rundgren_album)>
<http://dbpedia.org/resource/A_Case_of_Ed>,<http://en.wikipedia.org/wiki/A_Case_of_Ed>
<http://dbpedia.org/resource/A_Comarca_da_Sertã>,<http://en.wikipedia.org/wiki/A_Comarca_da_Sertã>
<http://dbpedia.org/resource/A_Death_In_The_Family>,<http://en.wikipedia.org/wiki/A_Death_In_The_Family>
<http://dbpedia.org/resource/A_Death_in_the_Family>,<http://en.wikipedia.org/wiki/A_Death_in_the_Family>
<http://dbpedia.org/resource/A_Feedbag_of_Truckstop_Poetry>,<http://en.wikipedia.org/wiki/A_Feedbag_of_Truckstop_Poetry>
<http://dbpedia.org/resource/A_Gift_from_a_Flower_to_a_Garden>,<http://en.wikipedia.org/wiki/A_Gift_from_a_Flower_to_a_Garden>
<http://dbpedia.org/resource/A_Glass_of_Warm_Ed>,<http://en.wikipedia.org/wiki/A_Glass_of_Warm_Ed>
<http://dbpedia.org/resource/A_Grande_Arte>,<http://en.wikipedia.org/wiki/A_Grande_Arte>
<http://dbpedia.org/resource/A_Graña>,<http://en.wikipedia.org/wiki/A_Graña>
<http://dbpedia.org/resource/A_Jewel_In_The_Palace>,<http://en.wikipedia.org/wiki/A_Jewel_In_The_Palace>
<http://dbpedia.org/resource/A_Lesson_Before_Dying>,<http://en.wikipedia.org/wiki/A_Lesson_Before_Dying>
<http://dbpedia.org/resource/A_Lot_like_Love>,<http://en.wikipedia.org/wiki/A_Lot_like_Love>
<http://dbpedia.org/resource/A_Nod_Is_as_Good_as_a_Blink..._To_a_Blind_Horse>,<http://en.wikipedia.org/wiki/A_Nod_Is_as_Good_as_a_Blink..._To_a_Blind_Horse>
<http://dbpedia.org/resource/A_Perfect_Spy>,<http://en.wikipedia.org/wiki/A_Perfect_Spy>
<http://dbpedia.org/resource/A_Pinch_to_Grow_an_Ed>,<http://en.wikipedia.org/wiki/A_Pinch_to_Grow_an_Ed>
<http://dbpedia.org/resource/A_Poke_in_the_Eye..._with_a_Sharp_Stick>,<http://en.wikipedia.org/wiki/A_Poke_in_the_Eye..._with_a_Sharp_Stick>
<http://dbpedia.org/resource/A_Reader's_Manifesto>,<http://en.wikipedia.org/wiki/A_Reader's_Manifesto>
<http://dbpedia.org/resource/A_Room_with_an_Ed>,<http://en.wikipedia.org/wiki/A_Room_with_an_Ed>
<http://dbpedia.org/resource/A_Son_Unique>,<http://en.wikipedia.org/wiki/A_Son_Unique>
<http://dbpedia.org/resource/A_Southern_Yankee>,<http://en.wikipedia.org/wiki/A_Southern_Yankee>
<http://dbpedia.org/resource/A_Special_Edition>,<http://en.wikipedia.org/wiki/A_Special_Edition>
<http://dbpedia.org/resource/A_Stroll_in_the_Pork>,<http://en.wikipedia.org/wiki/A_Stroll_in_the_Pork>
<http://dbpedia.org/resource/A_Team_The>,<http://en.wikipedia.org/wiki/A_Team_The>
<http://dbpedia.org/resource/A_Tonic_for_the_Troops>,<http://en.wikipedia.org/wiki/A_Tonic_for_the_Troops>
<http://dbpedia.org/resource/A_Twist_of_Ed>,<http://en.wikipedia.org/wiki/A_Twist_of_Ed>
<http://dbpedia.org/resource/A_Whole_New_World>,<http://en.wikipedia.org/wiki/A_Whole_New_World>
<http://dbpedia.org/resource/A_Wish_For_Wings_That_Work>,<http://en.wikipedia.org/wiki/A_Wish_For_Wings_That_Work>
<http://dbpedia.org/resource/A_Wizard_A_True_Star>,<http://en.wikipedia.org/wiki/A_Wizard_A_True_Star>
<http://dbpedia.org/resource/A_Wizard_a_True_Star>,<http://en.wikipedia.org/wiki/A_Wizard_a_True_Star>
<http://dbpedia.org/resource/A_sate>,<http://en.wikipedia.org/wiki/A_sate>
<http://dbpedia.org/resource/A_tale_of_Kieu>,<http://en.wikipedia.org/wiki/A_tale_of_Kieu>
<http://dbpedia.org/resource/Aar_(disambiguation)>,<http://en.wikipedia.org/wiki/Aar_(disambiguation)>
<http://dbpedia.org/resource/Aara>,<http://en.wikipedia.org/wiki/Aara>
<http://dbpedia.org/resource/Aardvarks>,<http://en.wikipedia.org/wiki/Aardvarks>
<http://dbpedia.org/resource/Aarne–Thompson–Uther_Index>,<http://en.wikipedia.org/wiki/Aarne–Thompson–Uther_Index>
<http://dbpedia.org/resource/Aaron_Cometbus>,<http://en.wikipedia.org/wiki/Aaron_Cometbus>
<http://dbpedia.org/resource/Aaron_Fricke>,<http://en.wikipedia.org/wiki/Aaron_Fricke>
<http://dbpedia.org/resource/Aaron_Heilman>,<http://en.wikipedia.org/wiki/Aaron_Heilman>
<http://dbpedia.org/resource/Aaron_North>,<http://en.wikipedia.org/wiki/Aaron_North>
<http://dbpedia.org/resource/Aaron_Rosanoff>,<http://en.wikipedia.org/wiki/Aaron_Rosanoff>
<http://dbpedia.org/resource/Aaron_Ruell>,<http://en.wikipedia.org/wiki/Aaron_Ruell>
<http://dbpedia.org/resource/Aase_Berg>,<http://en.wikipedia.org/wiki/Aase_Berg>
<http://dbpedia.org/resource/Ab-initio>,<http://en.wikipedia.org/wiki/Ab-initio>
<http://dbpedia.org/resource/Ab_(Egyptian_heart-soul_concept)>,<http://en.wikipedia.org/wiki/Ab_(Egyptian_heart-soul_concept)>
<http://dbpedia.org/resource/Ab_initio_calculations>,<http://en.wikipedia.org/wiki/Ab_initio_calculations>
<http://dbpedia.org/resource/Abat-son>,<http://en.wikipedia.org/wiki/Abat-son>
<http://dbpedia.org/resource/Abaúj_County>,<http://en.wikipedia.org/wiki/Abaúj_County>
<http://dbpedia.org/resource/Abb_(disambiguation)>,<http://en.wikipedia.org/wiki/Abb_(disambiguation)>
<http://dbpedia.org/resource/Abbas_Souan>,<http://en.wikipedia.org/wiki/Abbas_Souan>
<http://dbpedia.org/resource/Abbas_Sowan>,<http://en.wikipedia.org/wiki/Abbas_Sowan>
<http://dbpedia.org/resource/Abbas_Sowan(Israeli_striker)>,<http://en.wikipedia.org/wiki/Abbas_Sowan(Israeli_striker)>
<http://dbpedia.org/resource/Abbas_Sowan_(Israeli_striker)>,<http://en.wikipedia.org/wiki/Abbas_Sowan_(Israeli_striker)>
<http://dbpedia.org/resource/Abbas_Suan>,<http://en.wikipedia.org/wiki/Abbas_Suan>
<http://dbpedia.org/resource/Abbe_de_l'Epee>,<http://en.wikipedia.org/wiki/Abbe_de_l'Epee>
<http://dbpedia.org/resource/Abbey-principality>,<http://en.wikipedia.org/wiki/Abbey-principality>
<http://dbpedia.org/resource/Abbey_(disambiguation)>,<http://en.wikipedia.org/wiki/Abbey_(disambiguation)>
<http://dbpedia.org/resource/Abbey_United_F.C.>,<http://en.wikipedia.org/wiki/Abbey_United_F.C.>
<http://dbpedia.org/resource/Abbey_of_Thelema>,<http://en.wikipedia.org/wiki/Abbey_of_Thelema>
<http://dbpedia.org/resource/Abbots_Wood>,<http://en.wikipedia.org/wiki/Abbots_Wood>
<http://dbpedia.org/resource/Abby_Singer>,<http://en.wikipedia.org/wiki/Abby_Singer>
<http://dbpedia.org/resource/Abby_singer>,<http://en.wikipedia.org/wiki/Abby_singer>
<http://dbpedia.org/resource/Abbé_Augustin_Barruél>,<http://en.wikipedia.org/wiki/Abbé_Augustin_Barruél>
<http://dbpedia.org/resource/Abbé_Charles-Michel_de_l'Epee>,<http://en.wikipedia.org/wiki/Abbé_Charles-Michel_de_l'Epee>
<http://dbpedia.org/resource/Abbé_Charles-Michel_de_l'Epée>,<http://en.wikipedia.org/wiki/Abbé_Charles-Michel_de_l'Epée>
<http://dbpedia.org/resource/Abd_al-Wahhab_Al-Bayati>,<http://en.wikipedia.org/wiki/Abd_al-Wahhab_Al-Bayati>
<http://dbpedia.org/resource/Abd_al_Malik>,<http://en.wikipedia.org/wiki/Abd_al_Malik>
<http://dbpedia.org/resource/Abd_ar-Rahman_ibn_Rabiah>,<http://en.wikipedia.org/wiki/Abd_ar-Rahman_ibn_Rabiah>
<http://dbpedia.org/resource/Abdala_Bucaram>,<http://en.wikipedia.org/wiki/Abdala_Bucaram>
<http://dbpedia.org/resource/Abdalá>,<http://en.wikipedia.org/wiki/Abdalá>
<http://dbpedia.org/resource/Abdalá_Bucaram>,<http://en.wikipedia.org/wiki/Abdalá_Bucaram>
<http://dbpedia.org/resource/Abdalá_Bucaram_Ortiz>,<http://en.wikipedia.org/wiki/Abdalá_Bucaram_Ortiz>
<http://dbpedia.org/resource/Abdalá_Jaime_Bucaram_Ortiz>,<http://en.wikipedia.org/wiki/Abdalá_Jaime_Bucaram_Ortiz>
<http://dbpedia.org/resource/Abdelhamid_Brahimi>,<http://en.wikipedia.org/wiki/Abdelhamid_Brahimi>
<http://dbpedia.org/resource/Abdollah_ibn_Bukhtishu>,<http://en.wikipedia.org/wiki/Abdollah_ibn_Bukhtishu>
<http://dbpedia.org/resource/Abdoujaparov>,<http://en.wikipedia.org/wiki/Abdoujaparov>
<http://dbpedia.org/resource/Abductive_Reasoning>,<http://en.wikipedia.org/wiki/Abductive_Reasoning>
<http://dbpedia.org/resource/Abdul-Aziz_al-Samarrai>,<http://en.wikipedia.org/wiki/Abdul-Aziz_al-Samarrai>
<http://dbpedia.org/resource/Abdul_Ameer_Yousef_Habeeb>,<http://en.wikipedia.org/wiki/Abdul_Ameer_Yousef_Habeeb>
<http://dbpedia.org/resource/Abdul_Aziz_Said>,<http://en.wikipedia.org/wiki/Abdul_Aziz_Said>
<http://dbpedia.org/resource/Abdul_Rahim_Ghafoorzai>,<http://en.wikipedia.org/wiki/Abdul_Rahim_Ghafoorzai>
<http://dbpedia.org/resource/Abdul_Rahman_Aref>,<http://en.wikipedia.org/wiki/Abdul_Rahman_Aref>
<http://dbpedia.org/resource/Abdul_Salam_Aref>,<http://en.wikipedia.org/wiki/Abdul_Salam_Aref>
<http://dbpedia.org/resource/Abdul_jabbar_Naeemi>,<http://en.wikipedia.org/wiki/Abdul_jabbar_Naeemi>
<http://dbpedia.org/resource/Abdullah_Mirza>,<http://en.wikipedia.org/wiki/Abdullah_Mirza>
<http://dbpedia.org/resource/Abdus_Samad_Azad>,<http://en.wikipedia.org/wiki/Abdus_Samad_Azad>
<http://dbpedia.org/resource/Abdussattar_Shaikh>,<http://en.wikipedia.org/wiki/Abdussattar_Shaikh>
<http://dbpedia.org/resource/Abe_Yanofsky>,<http://en.wikipedia.org/wiki/Abe_Yanofsky>
<http://dbpedia.org/resource/Abe_licnoln>,<http://en.wikipedia.org/wiki/Abe_licnoln>
<http://dbpedia.org/resource/Abed_Hamed_Mowhoush>,<http://en.wikipedia.org/wiki/Abed_Hamed_Mowhoush>
<http://dbpedia.org/resource/Abee_de_L'Epee>,<http://en.wikipedia.org/wiki/Abee_de_L'Epee>
<http://dbpedia.org/resource/Abele_(village)>,<http://en.wikipedia.org/wiki/Abele_(village)>
<http://dbpedia.org/resource/Abell_catalogue>,<http://en.wikipedia.org/wiki/Abell_catalogue>
<http://dbpedia.org/resource/Aberarth>,<http://en.wikipedia.org/wiki/Aberarth>
<http://dbpedia.org/resource/Aberavon_(constituency)>,<http://en.wikipedia.org/wiki/Aberavon_(constituency)>
<http://dbpedia.org/resource/Abercrombie-class_monitor>,<http://en.wikipedia.org/wiki/Abercrombie-class_monitor>
<http://dbpedia.org/resource/Abercrombie_and_fitch>,<http://en.wikipedia.org/wiki/Abercrombie_and_fitch>
<http://dbpedia.org/resource/Aberdeen_(Australia)>,<http://en.wikipedia.org/wiki/Aberdeen_(Australia)>
<http://dbpedia.org/resource/Aberdeen_North>,<http://en.wikipedia.org/wiki/Aberdeen_North>
<http://dbpedia.org/resource/Aberdeen_North_(Scottish_Parliament_constituency)>,<http://en.wikipedia.org/wiki/Aberdeen_North_(Scottish_Parliament_constituency)>
<http://dbpedia.org/resource/Aberdeen_North_(UK_Parliament_constituency)>,<http://en.wikipedia.org/wiki/Aberdeen_North_(UK_Parliament_constituency)>
<http://dbpedia.org/resource/Aberdeen_North_(disambiguation)>,<http://en.wikipedia.org/wiki/Aberdeen_North_(disambiguation)>
<http://dbpedia.org/resource/Aberdeen_South>,<http://en.wikipedia.org/wiki/Aberdeen_South>
<http://dbpedia.org/resource/Aberdeen_South_(Scottish_Parliament_constituency)>,<http://en.wikipedia.org/wiki/Aberdeen_South_(Scottish_Parliament_constituency)>
<http://dbpedia.org/resource/Aberdeen_South_(UK_Parliament_constituency)>,<http://en.wikipedia.org/wiki/Aberdeen_South_(UK_Parliament_constituency)>
<http://dbpedia.org/resource/Aberdyfi_Castle>,<http://en.wikipedia.org/wiki/Aberdyfi_Castle>
<http://dbpedia.org/resource/Aberford>,<http://en.wikipedia.org/wiki/Aberford>
<http://dbpedia.org/resource/Abia_State_Nigeria>,<http://en.wikipedia.org/wiki/Abia_State_Nigeria>
<http://dbpedia.org/resource/Abigail_Bakan>,<http://en.wikipedia.org/wiki/Abigail_Bakan>
<http://dbpedia.org/resource/Abilene_State_Park>,<http://en.wikipedia.org/wiki/Abilene_State_Park>
<http://dbpedia.org/resource/Abilov>,<http://en.wikipedia.org/wiki/Abilov>
<http://dbpedia.org/resource/Abingdon_Town_F.C.>,<http://en.wikipedia.org/wiki/Abingdon_Town_F.C.>
<http://dbpedia.org/resource/Abingdon_United_F.C.>,<http://en.wikipedia.org/wiki/Abingdon_United_F.C.>
<http://dbpedia.org/resource/Abitibi-Consolidated_Inc.>,<http://en.wikipedia.org/wiki/Abitibi-Consolidated_Inc.>
<http://dbpedia.org/resource/Abitibi—Baie-James—Nunavik—Eeyou>,<http://en.wikipedia.org/wiki/Abitibi—Baie-James—Nunavik—Eeyou>
<http://dbpedia.org/resource/Ablative_laser_propulsion>,<http://en.wikipedia.org/wiki/Ablative_laser_propulsion>
<http://dbpedia.org/resource/Abner_Singer>,<http://en.wikipedia.org/wiki/Abner_Singer>
<http://dbpedia.org/resource/Abo-Teni>,<http://en.wikipedia.org/wiki/Abo-Teni>
<http://dbpedia.org/resource/Abol-fath_Khazeni>,<http://en.wikipedia.org/wiki/Abol-fath_Khazeni>
