<http://dbpedia.org/resource/Peter_Bennett_1st_Baron_Bennett_of_Edgbaston>,<http://dbpedia.org/resource/Winston_Churchill>
<http://dbpedia.org/resource/Oscar_Morland>,<http://dbpedia.org/resource/Winston_Churchill>
<http://dbpedia.org/resource/Florence_Horsbrugh_Baroness_Horsbrugh>,<http://dbpedia.org/resource/Winston_Churchill>
<http://dbpedia.org/resource/Walter_Guinness_1st_Baron_Moyne>,<http://dbpedia.org/resource/Winston_Churchill>
<http://dbpedia.org/resource/Archibald_Wavell_1st_Earl_Wavell>,<http://dbpedia.org/resource/Winston_Churchill>
<http://dbpedia.org/resource/Duncan_Sandys>,<http://dbpedia.org/resource/Winston_Churchill>
<http://dbpedia.org/resource/Iain_Macleod>,<http://dbpedia.org/resource/Winston_Churchill>
<http://dbpedia.org/resource/John_Profumo>,<http://dbpedia.org/resource/Winston_Churchill>
<http://dbpedia.org/resource/Archibald_Sinclair_1st_Viscount_Thurso>,<http://dbpedia.org/resource/Winston_Churchill>
<http://dbpedia.org/resource/Arthur_Greenwood>,<http://dbpedia.org/resource/Winston_Churchill>
<http://dbpedia.org/resource/Duff_Cooper>,<http://dbpedia.org/resource/Winston_Churchill>
<http://dbpedia.org/resource/Ernest_Bevin>,<http://dbpedia.org/resource/Winston_Churchill>
<http://dbpedia.org/resource/Hastings_Ismay_1st_Baron_Ismay>,<http://dbpedia.org/resource/Winston_Churchill>
<http://dbpedia.org/resource/John_Simon_1st_Viscount_Simon>,<http://dbpedia.org/resource/Winston_Churchill>
<http://dbpedia.org/resource/Leo_Amery>,<http://dbpedia.org/resource/Winston_Churchill>
<http://dbpedia.org/resource/Peter_Carington_6th_Baron_Carrington>,<http://dbpedia.org/resource/Winston_Churchill>
<http://dbpedia.org/resource/Reginald_Maudling>,<http://dbpedia.org/resource/Winston_Churchill>
<http://dbpedia.org/resource/Selwyn_Lloyd>,<http://dbpedia.org/resource/Winston_Churchill>
<http://dbpedia.org/resource/Stafford_Cripps>,<http://dbpedia.org/resource/Winston_Churchill>
<http://dbpedia.org/resource/Tom_Johnston_(British_politician)>,<http://dbpedia.org/resource/Winston_Churchill>
<http://dbpedia.org/resource/William_Morrison_1st_Viscount_Dunrossil>,<http://dbpedia.org/resource/Winston_Churchill>
<http://dbpedia.org/resource/William_Sidney_1st_Viscount_De_L'Isle>,<http://dbpedia.org/resource/Winston_Churchill>
<http://dbpedia.org/resource/Arthur_Henderson_Baron_Rowley>,<http://dbpedia.org/resource/Winston_Churchill>
<http://dbpedia.org/resource/Douglas_Clifton_Brown_1st_Viscount_Ruffside>,<http://dbpedia.org/resource/Winston_Churchill>
<http://dbpedia.org/resource/Ivone_Kirkpatrick>,<http://dbpedia.org/resource/Winston_Churchill>
<http://dbpedia.org/resource/Alvary_Gascoigne>,<http://dbpedia.org/resource/Winston_Churchill>
<http://dbpedia.org/resource/Daniel_Lascelles_(diplomat)>,<http://dbpedia.org/resource/Winston_Churchill>
<http://dbpedia.org/resource/Esler_Dening>,<http://dbpedia.org/resource/Winston_Churchill>
<http://dbpedia.org/resource/Herbert_Morrison>,<http://dbpedia.org/resource/Winston_Churchill>
<http://dbpedia.org/resource/A._V._Alexander_1st_Earl_Alexander_of_Hillsborough>,<http://dbpedia.org/resource/Winston_Churchill>
<http://dbpedia.org/resource/David_Maxwell_Fyfe_1st_Earl_of_Kilmuir>,<http://dbpedia.org/resource/Winston_Churchill>
<http://dbpedia.org/resource/Derick_Heathcoat-Amory_1st_Viscount_Amory>,<http://dbpedia.org/resource/Winston_Churchill>
<http://dbpedia.org/resource/Harry_Snell_1st_Baron_Snell>,<http://dbpedia.org/resource/Winston_Churchill>
<http://dbpedia.org/resource/Hugh_Dalton>,<http://dbpedia.org/resource/Winston_Churchill>
<http://dbpedia.org/resource/Hugh_Foot_Baron_Caradon>,<http://dbpedia.org/resource/Winston_Churchill>
<http://dbpedia.org/resource/John_Anderson_1st_Viscount_Waverley>,<http://dbpedia.org/resource/Winston_Churchill>
<http://dbpedia.org/resource/John_Llewellin_1st_Baron_Llewellin>,<http://dbpedia.org/resource/Winston_Churchill>
<http://dbpedia.org/resource/Kingsley_Wood>,<http://dbpedia.org/resource/Winston_Churchill>
<http://dbpedia.org/resource/Reginald_Manningham-Buller_1st_Viscount_Dilhorne>,<http://dbpedia.org/resource/Winston_Churchill>
<http://dbpedia.org/resource/Robert_Gascoyne-Cecil_5th_Marquess_of_Salisbury>,<http://dbpedia.org/resource/Winston_Churchill>
<http://dbpedia.org/resource/Victor_Hope_2nd_Marquess_of_Linlithgow>,<http://dbpedia.org/resource/Winston_Churchill>
<http://dbpedia.org/resource/David_Margesson_1st_Viscount_Margesson>,<http://dbpedia.org/resource/Winston_Churchill>
<http://dbpedia.org/resource/Donald_Somervell_Baron_Somervell_of_Harrow>,<http://dbpedia.org/resource/Winston_Churchill>
<http://dbpedia.org/resource/Edward_FitzRoy>,<http://dbpedia.org/resource/Winston_Churchill>
<http://dbpedia.org/resource/Ernest_Brown_(British_politician)>,<http://dbpedia.org/resource/Winston_Churchill>
<http://dbpedia.org/resource/Feroz_Khan_Noon>,<http://dbpedia.org/resource/Winston_Churchill>
<http://dbpedia.org/resource/Frederick_Marquis_1st_Earl_of_Woolton>,<http://dbpedia.org/resource/Winston_Churchill>
<http://dbpedia.org/resource/George_Lloyd_1st_Baron_Lloyd>,<http://dbpedia.org/resource/Winston_Churchill>
<http://dbpedia.org/resource/Harry_Primrose_6th_Earl_of_Rosebery>,<http://dbpedia.org/resource/Winston_Churchill>
<http://dbpedia.org/resource/Herbrand_Sackville_9th_Earl_De_La_Warr>,<http://dbpedia.org/resource/Winston_Churchill>
<http://dbpedia.org/resource/James_Grigg>,<http://dbpedia.org/resource/Winston_Churchill>
<http://dbpedia.org/resource/John_Moore-Brabazon_1st_Baron_Brabazon_of_Tara>,<http://dbpedia.org/resource/Winston_Churchill>
<http://dbpedia.org/resource/Malcolm_MacDonald>,<http://dbpedia.org/resource/Winston_Churchill>
<http://dbpedia.org/resource/Maurice_Hankey_1st_Baron_Hankey>,<http://dbpedia.org/resource/Winston_Churchill>
<http://dbpedia.org/resource/Oliver_Lyttelton_1st_Viscount_Chandos>,<http://dbpedia.org/resource/Winston_Churchill>
<http://dbpedia.org/resource/Oliver_Stanley>,<http://dbpedia.org/resource/Winston_Churchill>
<http://dbpedia.org/resource/Philip_Cunliffe-Lister_1st_Earl_of_Swinton>,<http://dbpedia.org/resource/Winston_Churchill>
<http://dbpedia.org/resource/Thomas_Inskip_1st_Viscount_Caldecote>,<http://dbpedia.org/resource/Winston_Churchill>
<http://dbpedia.org/resource/Walter_Elliot_(Scottish_politician)>,<http://dbpedia.org/resource/Winston_Churchill>
<http://dbpedia.org/resource/Horace_Wilson_(civil_servant)>,<http://dbpedia.org/resource/Winston_Churchill>
<http://dbpedia.org/resource/James_Stuart_1st_Viscount_Stuart_of_Findhorn>,<http://dbpedia.org/resource/Winston_Churchill>
<http://dbpedia.org/resource/Oliver_Franks_Baron_Franks>,<http://dbpedia.org/resource/Winston_Churchill>
<http://dbpedia.org/resource/British_hydrogen_bomb_programme>,<http://dbpedia.org/resource/Winston_Churchill>
<http://dbpedia.org/resource/High_Explosive_Research>,<http://dbpedia.org/resource/Winston_Churchill>
<http://dbpedia.org/resource/Harold_Alexander_1st_Earl_Alexander_of_Tunis>,<http://dbpedia.org/resource/Winston_Churchill>
<http://dbpedia.org/resource/James_Thomas_1st_Viscount_Cilcennin>,<http://dbpedia.org/resource/Winston_Churchill>
<http://dbpedia.org/resource/Osbert_Peake_1st_Viscount_Ingleby>,<http://dbpedia.org/resource/Winston_Churchill>
<http://dbpedia.org/resource/William_Mabane_1st_Baron_Mabane>,<http://dbpedia.org/resource/Winston_Churchill>
<http://dbpedia.org/resource/William_Onslow_6th_Earl_of_Onslow>,<http://dbpedia.org/resource/Winston_Churchill>
<http://dbpedia.org/resource/Quintin_Hogg_Baron_Hailsham_of_St_Marylebone>,<http://dbpedia.org/resource/Winston_Churchill>
<http://dbpedia.org/resource/Max_Aitken_1st_Baron_Beaverbrook>,<http://dbpedia.org/resource/Winston_Churchill>
<http://dbpedia.org/resource/Ellen_Wilkinson>,<http://dbpedia.org/resource/Winston_Churchill>
<http://dbpedia.org/resource/Frederick_Pethick-Lawrence_1st_Baron_Pethick-Lawrence>,<http://dbpedia.org/resource/Winston_Churchill>
<http://dbpedia.org/resource/Harold_Balfour_1st_Baron_Balfour_of_Inchrye>,<http://dbpedia.org/resource/Winston_Churchill>
<http://dbpedia.org/resource/John_Maclay_1st_Viscount_Muirshiel>,<http://dbpedia.org/resource/Winston_Churchill>
<http://dbpedia.org/resource/Philip_Kerr_11th_Marquess_of_Lothian>,<http://dbpedia.org/resource/Winston_Churchill>
<http://dbpedia.org/resource/Thomas_Dugdale_1st_Baron_Crathorne>,<http://dbpedia.org/resource/Winston_Churchill>
<http://dbpedia.org/resource/Lionel_Heald>,<http://dbpedia.org/resource/Winston_Churchill>
<http://dbpedia.org/resource/Patricia_Hornsby-Smith_Baroness_Hornsby-Smith>,<http://dbpedia.org/resource/Winston_Churchill>
<http://dbpedia.org/resource/Stormont_Mancroft_2nd_Baron_Mancroft>,<http://dbpedia.org/resource/Winston_Churchill>
<http://dbpedia.org/resource/Anthony_Eden>,<http://dbpedia.org/resource/Winston_Churchill>
<http://dbpedia.org/resource/David_Eccles_1st_Viscount_Eccles>,<http://dbpedia.org/resource/Winston_Churchill>
<http://dbpedia.org/resource/Hugh_Fortescue_5th_Earl_Fortescue>,<http://dbpedia.org/resource/Winston_Churchill>
<http://dbpedia.org/resource/Hugh_Seely_1st_Baron_Sherwood>,<http://dbpedia.org/resource/Winston_Churchill>
<http://dbpedia.org/resource/Robert_Boothby_Baron_Boothby>,<http://dbpedia.org/resource/Winston_Churchill>
<http://dbpedia.org/resource/Robert_Craigie_(diplomat)>,<http://dbpedia.org/resource/Winston_Churchill>
<http://dbpedia.org/resource/Brendan_Bracken>,<http://dbpedia.org/resource/Winston_Churchill>
<http://dbpedia.org/resource/Gwilym_Lloyd_George>,<http://dbpedia.org/resource/Winston_Churchill>
<http://dbpedia.org/resource/Peter_Thorneycroft>,<http://dbpedia.org/resource/Winston_Churchill>
<http://dbpedia.org/resource/Arthur_Salter_1st_Baron_Salter>,<http://dbpedia.org/resource/Winston_Churchill>
<http://dbpedia.org/resource/Henry_Page_Croft_1st_Baron_Croft>,<http://dbpedia.org/resource/Winston_Churchill>
<http://dbpedia.org/resource/Gavin_Simonds_1st_Viscount_Simonds>,<http://dbpedia.org/resource/Winston_Churchill>
<http://dbpedia.org/resource/George_Hall_1st_Viscount_Hall>,<http://dbpedia.org/resource/Winston_Churchill>
<http://dbpedia.org/resource/John_Boyd-Carpenter_Baron_Boyd-Carpenter>,<http://dbpedia.org/resource/Winston_Churchill>
<http://dbpedia.org/resource/John_Hope_1st_Baron_Glendevon>,<http://dbpedia.org/resource/Winston_Churchill>
<http://dbpedia.org/resource/William_Hare_5th_Earl_of_Listowel>,<http://dbpedia.org/resource/Winston_Churchill>
<http://dbpedia.org/resource/David_Bowes-Lyon>,<http://dbpedia.org/resource/Winston_Churchill>
<http://dbpedia.org/resource/George_Mathers_1st_Baron_Mathers>,<http://dbpedia.org/resource/Winston_Churchill>
<http://dbpedia.org/resource/Jack_Browne_Baron_Craigton>,<http://dbpedia.org/resource/Winston_Churchill>
<http://dbpedia.org/resource/Thomas_Galbraith_1st_Baron_Strathclyde>,<http://dbpedia.org/resource/Winston_Churchill>
<http://dbpedia.org/resource/William_McNair_Snadden>,<http://dbpedia.org/resource/Winston_Churchill>
<http://dbpedia.org/resource/Frederick_Smith_2nd_Earl_of_Birkenhead>,<http://dbpedia.org/resource/Winston_Churchill>
<http://dbpedia.org/resource/Jaime_Jaramillo_Arango>,<http://dbpedia.org/resource/Winston_Churchill>
<http://dbpedia.org/resource/Geoffrey_FitzClarence_5th_Earl_of_Munster>,<http://dbpedia.org/resource/Winston_Churchill>
<http://dbpedia.org/resource/Gerald_Isaacs_2nd_Marquess_of_Reading>,<http://dbpedia.org/resource/Winston_Churchill>
<http://dbpedia.org/resource/Sir_John_McEwen_1st_Baronet>,<http://dbpedia.org/resource/Winston_Churchill>
<http://dbpedia.org/resource/Thelma_Cazalet-Keir>,<http://dbpedia.org/resource/Winston_Churchill>
<http://dbpedia.org/resource/Francis_Rundall>,<http://dbpedia.org/resource/Winston_Churchill>
<http://dbpedia.org/resource/Edith_Pitt>,<http://dbpedia.org/resource/Winston_Churchill>
<http://dbpedia.org/resource/Harriet_Slater>,<http://dbpedia.org/resource/Winston_Churchill>
<http://dbpedia.org/resource/Henry_Studholme>,<http://dbpedia.org/resource/Winston_Churchill>
<http://dbpedia.org/resource/Violet_Bathurst_Lady_Apsley>,<http://dbpedia.org/resource/Winston_Churchill>
<http://dbpedia.org/resource/Arcot_Ramasamy_Mudaliar>,<http://dbpedia.org/resource/Winston_Churchill>
<http://dbpedia.org/resource/Patricia_Ford_(politician)>,<http://dbpedia.org/resource/Winston_Churchill>
<http://dbpedia.org/resource/Michael_Hicks_Beach_2nd_Earl_St_Aldwyn>,<http://dbpedia.org/resource/Winston_Churchill>
<http://dbpedia.org/resource/William_Hayter_(diplomat)>,<http://dbpedia.org/resource/Winston_Churchill>
<http://dbpedia.org/resource/Andrew_Duncan_(businessman)>,<http://dbpedia.org/resource/Winston_Churchill>
<http://dbpedia.org/resource/Peter_III_(cat)>,<http://dbpedia.org/resource/Winston_Churchill>
<http://dbpedia.org/resource/Norman_Brook_1st_Baron_Normanbrook>,<http://dbpedia.org/resource/Winston_Churchill>
<http://dbpedia.org/resource/Nelson_(chief_mouser)>,<http://dbpedia.org/resource/Winston_Churchill>
