<http://dbpedia.org/resource/Charles_Wood_2nd_Viscount_Halifax>,""
<http://dbpedia.org/resource/Henry_J._Spooner>,""
<http://dbpedia.org/resource/Pierre-Jean_Samot>,""
<http://dbpedia.org/resource/Jaime_Ravinet>,""
<http://dbpedia.org/resource/Carlos_Arias_Navarro>,""
<http://dbpedia.org/resource/Musa_Kassim_Omar>,""
<http://dbpedia.org/resource/Ioanna_Karyofylli>,""
<http://dbpedia.org/resource/Aïcha_Garad_Ali>,""
<http://dbpedia.org/resource/Dorothy_Dugger__Tenure__1>,""
<http://dbpedia.org/resource/Dorsey_Crowe__Tenure__1>,""
<http://dbpedia.org/resource/Dorsey_Crowe__Tenure__2>,""
<http://dbpedia.org/resource/Dorte_Bennedsen__Tenure__1>,""
<http://dbpedia.org/resource/Dorte_Bennedsen__Tenure__2>,""
<http://dbpedia.org/resource/Dorte_Bennedsen__Tenure__3>,""
<http://dbpedia.org/resource/Dottie_Martin__Tenure__1>,""
<http://dbpedia.org/resource/Douglas_Dodds-Parker__Tenure__1>,""
<http://dbpedia.org/resource/Douglas_Hogg_1st_Viscount_Hailsham__Tenure__1>,""
<http://dbpedia.org/resource/Douglas_Hogg_1st_Viscount_Hailsham__Tenure__4>,""
<http://dbpedia.org/resource/Douglas_Hogg_1st_Viscount_Hailsham__Tenure__5>,""
<http://dbpedia.org/resource/Douglas_Mathewson__Tenure__1>,""
<http://dbpedia.org/resource/Duane_Pomeroy__Tenure__1>,""
<http://dbpedia.org/resource/Duarte_Freitas__Tenure__1>,""
<http://dbpedia.org/resource/Duarte_Freitas__Tenure__2>,""
<http://dbpedia.org/resource/Duarte_Freitas__Tenure__5>,""
<http://dbpedia.org/resource/Ed_Edmondson_(chess_official)__Tenure__1>,""
<http://dbpedia.org/resource/Ed_Gainey__Tenure__1>,""
<http://dbpedia.org/resource/Eddie_Chan__Tenure__1>,""
<http://dbpedia.org/resource/Eddie_Chan__Tenure__2>,""
<http://dbpedia.org/resource/Eddie_Compass__Tenure__1>,""
<http://dbpedia.org/resource/Eddie_Lam_Yu-sing__Tenure__1>,""
<http://dbpedia.org/resource/Eddy_Djadjang_Djajaatmadja__Tenure__1>,""
<http://dbpedia.org/resource/Eddy_Djadjang_Djajaatmadja__Tenure__2>,""
<http://dbpedia.org/resource/Dormer_Andrews__Tenure__1>,""
<http://dbpedia.org/resource/Duco_Hoogland__Tenure__1>,""
<http://dbpedia.org/resource/Duco_Hoogland__Tenure__2>,""
<http://dbpedia.org/resource/Dudley_S._Gregory__Tenure__2>,""
<http://dbpedia.org/resource/Dukuvakha_Abdurakhmanov__Tenure__1>,""
<http://dbpedia.org/resource/Dukuvakha_Abdurakhmanov__Tenure__2>,""
<http://dbpedia.org/resource/Dulal_Chandra_Bar__Tenure__1>,""
<http://dbpedia.org/resource/Dulce_Pássaro__Tenure__1>,""
<http://dbpedia.org/resource/Dulce_Pássaro__Tenure__2>,""
<http://dbpedia.org/resource/Duncan_Maskell__Tenure__1>,""
<http://dbpedia.org/resource/Duncan_Pescod__Tenure__1>,""
<http://dbpedia.org/resource/Duncan_Robinson_(art_historian)__Tenure__1>,""
<http://dbpedia.org/resource/Duncan_Robinson_(art_historian)__Tenure__2>,""
<http://dbpedia.org/resource/Duncan_Spender__Tenure__1>,""
<http://dbpedia.org/resource/Durga_Prasad_Yadav__Tenure__1>,""
<http://dbpedia.org/resource/Désirée_Bernard__Tenure__1>,""
<http://dbpedia.org/resource/E._Bower_Carty__Tenure__1>,""
<http://dbpedia.org/resource/E._Donald_Sterner__Tenure__1>,""
<http://dbpedia.org/resource/E._Virgil_Conway__Tenure__1>,""
<http://dbpedia.org/resource/E_Percy_Fowle__Tenure__1>,""
<http://dbpedia.org/resource/Eamon_Dee__Tenure__1>,""
<http://dbpedia.org/resource/Eamonn_O'Brien_(politician)__Tenure__1>,""
<http://dbpedia.org/resource/Eamonn_O'Brien_(politician)__Tenure__2>,""
<http://dbpedia.org/resource/Earl_Dawson__Tenure__1>,""
<http://dbpedia.org/resource/Earl_F._Hance__Tenure__1>,""
<http://dbpedia.org/resource/Earle_Morris_Jr.__Tenure__2>,""
<http://dbpedia.org/resource/Ebele_Ofunneamaka_Okeke__Tenure__1>,""
<http://dbpedia.org/resource/Ebele_Ofunneamaka_Okeke__Tenure__2>,""
<http://dbpedia.org/resource/Ebenezer_O._Grosvenor__Tenure__1>,""
<http://dbpedia.org/resource/Ebenezer_O._Grosvenor__Tenure__2>,""
<http://dbpedia.org/resource/Ebenezer_Pemberton__Tenure__1>,""
<http://dbpedia.org/resource/Ebenezer_Ward__Tenure__1>,""
<http://dbpedia.org/resource/Ebenezer_Ward__Tenure__2>,""
<http://dbpedia.org/resource/Ebenezer_Ward__Tenure__3>,""
<http://dbpedia.org/resource/Ebenezer_Ward__Tenure__4>,""
<http://dbpedia.org/resource/Ebenezer_Ward__Tenure__5>,""
<http://dbpedia.org/resource/Ebo_Tawiah__Tenure__1>,""
<http://dbpedia.org/resource/Ebo_Tawiah__Tenure__2>,""
<http://dbpedia.org/resource/Edith_Atkinson__Tenure__1>,""
<http://dbpedia.org/resource/Edith_J._Patterson__Tenure__2>,""
<http://dbpedia.org/resource/Edith_J._Patterson__Tenure__3>,""
<http://dbpedia.org/resource/Edmund_Burke_Fairfield__Tenure__1>,""
<http://dbpedia.org/resource/Edmund_Wyndham__Tenure__1>,""
<http://dbpedia.org/resource/Edmund_Wyndham__Tenure__2>,""
<http://dbpedia.org/resource/Edmund_Wyndham__Tenure__3>,""
<http://dbpedia.org/resource/Edmund_Wyndham__Tenure__4>,""
<http://dbpedia.org/resource/Edric_Norfolk_Vaux_Morisset__Tenure__1>,""
<http://dbpedia.org/resource/Eduard_Müller_(Austrian_politician)__Tenure__1>,""
<http://dbpedia.org/resource/Eduard_Müller_(Austrian_politician)__Tenure__2>,""
<http://dbpedia.org/resource/Eduard_Shalsi__Tenure__1>,""
<http://dbpedia.org/resource/Eduardo_Arriola_Zelaya__Tenure__1>,""
<http://dbpedia.org/resource/Eduardo_Arriola_Zelaya__Tenure__3>,""
<http://dbpedia.org/resource/Eduardo_Bauzá__Tenure__1>,""
<http://dbpedia.org/resource/Eduardo_Bauzá__Tenure__2>,""
<http://dbpedia.org/resource/Eduardo_Bauzá__Tenure__3>,""
<http://dbpedia.org/resource/Eduardo_Bauzá__Tenure__4>,""
<http://dbpedia.org/resource/Eduardo_Bauzá__Tenure__5>,""
<http://dbpedia.org/resource/Eduardo_Jorge__Tenure__1>,""
<http://dbpedia.org/resource/Eduardo_Jorge__Tenure__2>,""
<http://dbpedia.org/resource/Eduardo_Val__Tenure__1>,""
<http://dbpedia.org/resource/Edurne_Uriarte__Tenure__1>,""
<http://dbpedia.org/resource/Edward_A._Rollins__Tenure__1>,""
<http://dbpedia.org/resource/Edward_Abington_Jr.__Tenure__1>,""
<http://dbpedia.org/resource/Edward_Angus_Powell_Jr.__Tenure__1>,""
<http://dbpedia.org/resource/Edward_Ashe_(died_1748)__Tenure__1>,""
<http://dbpedia.org/resource/Edward_Ashe_(died_1748)__Tenure__2>,""
<http://dbpedia.org/resource/Edward_Ashe_(died_1748)__Tenure__3>,""
<http://dbpedia.org/resource/Edward_Augustus_Inglefield__Tenure__1>,""
<http://dbpedia.org/resource/Edward_Aylward__Tenure__1>,""
<http://dbpedia.org/resource/Edward_Boland__Tenure__3>,""
<http://dbpedia.org/resource/Edward_Bowen_(politician)__Tenure__1>,""
<http://dbpedia.org/resource/Edward_Brandis_Denham__Tenure__1>,""
<http://dbpedia.org/resource/Edward_Brandis_Denham__Tenure__2>,""
<http://dbpedia.org/resource/Edward_Brandis_Denham__Tenure__3>,""
<http://dbpedia.org/resource/Edward_C._Babb__Tenure__1>,""
<http://dbpedia.org/resource/Edward_C._Babb__Tenure__2>,""
<http://dbpedia.org/resource/Edward_C._Elmore__Tenure__1>,""
<http://dbpedia.org/resource/Edward_C._Joullian_III__Tenure__1>,""
<http://dbpedia.org/resource/Edward_Coke_Crow__Tenure__1>,""
<http://dbpedia.org/resource/Edward_Deas_Thomson__Tenure__1>,""
<http://dbpedia.org/resource/Edward_Deas_Thomson__Tenure__2>,""
<http://dbpedia.org/resource/Edward_Deas_Thomson__Tenure__3>,""
<http://dbpedia.org/resource/Edward_Deas_Thomson__Tenure__4>,""
<http://dbpedia.org/resource/Edward_Dockrill__Tenure__1>,""
<http://dbpedia.org/resource/Edward_Eugene_Loomis__Tenure__1>,""
<http://dbpedia.org/resource/Edward_F._Hilker__Tenure__4>,""
<http://dbpedia.org/resource/Edward_Fellowes_(parliamentary_official)__Tenure__1>,""
<http://dbpedia.org/resource/Edward_Francis_Small__Tenure__1>,""
<http://dbpedia.org/resource/Edward_Hall__Tenure__1>,""
<http://dbpedia.org/resource/Edward_Hill_(New_Zealand_politician)__Tenure__1>,""
<http://dbpedia.org/resource/Edward_Hyde_1st_Earl_of_Clarendon__Tenure__1>,""
<http://dbpedia.org/resource/Edward_Hyde_1st_Earl_of_Clarendon__Tenure__2>,""
<http://dbpedia.org/resource/Edward_Hyde_1st_Earl_of_Clarendon__Tenure__3>,""
<http://dbpedia.org/resource/Edward_Iliffe_1st_Baron_Iliffe__Tenure__1>,""
<http://dbpedia.org/resource/Edward_J._Collins_Jr.__Tenure__1>,""
<http://dbpedia.org/resource/Edward_J._Mason_(politician)__Tenure__2>,""
<http://dbpedia.org/resource/Edward_J._Quinlan__Tenure__1>,""
<http://dbpedia.org/resource/Edward_Nicolls__Tenure__1>,""
<http://dbpedia.org/resource/Edward_Nicolls__Tenure__2>,""
<http://dbpedia.org/resource/Edward_S._Godfrey_(physician)__Tenure__1>,""
<http://dbpedia.org/resource/Edward_Sabine__Tenure__1>,""
<http://dbpedia.org/resource/Edward_Smith-Stanley_14th_Earl_of_Derby__Tenure__1>,""
<http://dbpedia.org/resource/Edward_Smith-Stanley_14th_Earl_of_Derby__Tenure__4>,""
<http://dbpedia.org/resource/Edward_Smith-Stanley_14th_Earl_of_Derby__Tenure__6>,""
<http://dbpedia.org/resource/Edward_Warren_(politician)__Tenure__1>,""
<http://dbpedia.org/resource/Edward_Windley__Tenure__1>,""
<http://dbpedia.org/resource/Edwin_Taylor_(British_politician)__Tenure__1>,""
<http://dbpedia.org/resource/Edwin_W._Martin_Jr.__Tenure__1>,""
<http://dbpedia.org/resource/Edwina_Lau__Tenure__1>,""
<http://dbpedia.org/resource/Effie_Owuor__Tenure__1>,""
<http://dbpedia.org/resource/Egerton_Hubbard_2nd_Baron_Addington__Tenure__1>,""
<http://dbpedia.org/resource/Eileen_Claussen__Tenure__1>,""
<http://dbpedia.org/resource/Eileen_E._Gillese__Tenure__1>,""
<http://dbpedia.org/resource/Eileen_Parsons__Tenure__1>,""
<http://dbpedia.org/resource/Eileen_Parsons__Tenure__2>,""
<http://dbpedia.org/resource/Eileen_Parsons__Tenure__3>,""
<http://dbpedia.org/resource/Elaine_Gumbs-Vlaun__Tenure__1>,""
<http://dbpedia.org/resource/Elena_Fattori__Tenure__1>,""
<http://dbpedia.org/resource/Elena_Kountoura__Tenure__1>,""
<http://dbpedia.org/resource/Elena_Kountoura__Tenure__2>,""
<http://dbpedia.org/resource/Elena_Kountoura__Tenure__4>,""
<http://dbpedia.org/resource/Eleri_Rees__Tenure__1>,""
<http://dbpedia.org/resource/Eleri_Rees__Tenure__2>,""
<http://dbpedia.org/resource/Elhadj_Baila_Ly__Tenure__1>,""
<http://dbpedia.org/resource/Elhadj_Dembo_Sylla__Tenure__1>,""
<http://dbpedia.org/resource/Eli_Savit__Tenure__1>,""
<http://dbpedia.org/resource/Elias_Nelson_Conway__Tenure__1>,""
<http://dbpedia.org/resource/Elias_Nelson_Conway__Tenure__2>,""
<http://dbpedia.org/resource/Eliezer_Goldberg__Tenure__6>,""
<http://dbpedia.org/resource/Elinor_Carbone__Tenure__1>,""
<http://dbpedia.org/resource/Elinor_Carbone__Tenure__2>,""
<http://dbpedia.org/resource/Elinor_Carbone__Tenure__3>,""
<http://dbpedia.org/resource/Eliphalet_Pearson__Tenure__1>,""
<http://dbpedia.org/resource/Eliphalet_Pearson__Tenure__2>,""
<http://dbpedia.org/resource/Elisabeth_Ekoué_Pognon__Tenure__1>,""
<http://dbpedia.org/resource/Elisabeth_Hoodless__Tenure__1>,""
<http://dbpedia.org/resource/Elise_Wilson__Tenure__1>,""
<http://dbpedia.org/resource/Elise_Wilson__Tenure__2>,""
<http://dbpedia.org/resource/Eliseo_Canaveri__Tenure__1>,""
<http://dbpedia.org/resource/Elisheva_Barak-Ussoskin__Tenure__1>,""
<http://dbpedia.org/resource/Eliu_Rivera__Tenure__1>,""
<http://dbpedia.org/resource/Elizabeth_Lane__Tenure__1>,""
<http://dbpedia.org/resource/Elizabeth_Paterson-Brown__Tenure__1>,""
<http://dbpedia.org/resource/Elizabeth_Thabethe__Tenure__1>,""
<http://dbpedia.org/resource/Ellen_Holager_Andenæs__Tenure__1>,""
<http://dbpedia.org/resource/Ellen_Molekane__Tenure__1>,""
<http://dbpedia.org/resource/Ellen_Moyer__Tenure__1>,""
<http://dbpedia.org/resource/Ellen_Moyer__Tenure__2>,""
<http://dbpedia.org/resource/Elliot_Woolfolk_Major__Tenure__1>,""
<http://dbpedia.org/resource/Elliot_Woolfolk_Major__Tenure__2>,""
<http://dbpedia.org/resource/Elliot_Woolfolk_Major__Tenure__3>,""
<http://dbpedia.org/resource/Elliott_Charng__Tenure__1>,""
<http://dbpedia.org/resource/Elliott_Charng__Tenure__2>,""
<http://dbpedia.org/resource/Elliott_Charng__Tenure__3>,""
<http://dbpedia.org/resource/Elliði_Vignisson__Tenure__1>,""
<http://dbpedia.org/resource/Elliði_Vignisson__Tenure__2>,""
<http://dbpedia.org/resource/Ellsworth_Hunt_Augustus__Tenure__1>,""
<http://dbpedia.org/resource/Elspeth_Henderson__Tenure__1>,""
<http://dbpedia.org/resource/Elva_Margariti__Tenure__1>,""
<http://dbpedia.org/resource/Elwyn_Thomas__Tenure__1>,""
<http://dbpedia.org/resource/Elza_Pais__Tenure__1>,""
<http://dbpedia.org/resource/Elza_Pais__Tenure__2>,""
<http://dbpedia.org/resource/Emanuel_Moravec__Tenure__1>,""
<http://dbpedia.org/resource/Emil_Holtz__Tenure__1>,""
<http://dbpedia.org/resource/Emil_Maurice__Tenure__1>,""
<http://dbpedia.org/resource/Emil_Stürtz__Tenure__1>,""
<http://dbpedia.org/resource/Emil_Stürtz__Tenure__2>,""
<http://dbpedia.org/resource/Emil_Stürtz__Tenure__3>,""
<http://dbpedia.org/resource/Emil_Stürtz__Tenure__4>,""
<http://dbpedia.org/resource/Emil_Stürtz__Tenure__5>,""
<http://dbpedia.org/resource/Emil_Stürtz__Tenure__6>,""
<http://dbpedia.org/resource/Edgar_Jones_(politician)__Tenure__1>,""
<http://dbpedia.org/resource/Edgar_Jones_(politician)__Tenure__2>,""
<http://dbpedia.org/resource/Edgar_Mulder__Tenure__1>,""
<http://dbpedia.org/resource/Edgar_Mulder__Tenure__2>,""
<http://dbpedia.org/resource/Edgar_Zambrano__Tenure__1>,""
<http://dbpedia.org/resource/Edgar_Zambrano__Tenure__2>,""
<http://dbpedia.org/resource/Henry_N._Blake__Tenure__1>,""
<http://dbpedia.org/resource/Henry_N._Blake__Tenure__2>,""
<http://dbpedia.org/resource/Henry_Overton_Wills_III__Tenure__1>,""
<http://dbpedia.org/resource/Henry_Pelham_(civil_servant)__Tenure__1>,""
<http://dbpedia.org/resource/Henry_Petty-Fitzmaurice_3rd_Marquess_of_Lansdowne__Tenure__2>,""
<http://dbpedia.org/resource/Henry_R._Hall__Tenure__1>,""
<http://dbpedia.org/resource/Henry_Simmons_Frieze__Tenure__1>,""
<http://dbpedia.org/resource/Henry_T._Kellogg__Tenure__1>,""
<http://dbpedia.org/resource/Henry_Way_Rymill__Tenure__1>,""
<http://dbpedia.org/resource/Henry_Z._Hayner__Tenure__1>,""
<http://dbpedia.org/resource/Henryk_Klata__Tenure__1>,""
<http://dbpedia.org/resource/Herb_Dhaliwal__Tenure__3>,""
<http://dbpedia.org/resource/Herb_Dhaliwal__Tenure__4>,""
<http://dbpedia.org/resource/Herb_Dhaliwal__Tenure__5>,""
<http://dbpedia.org/resource/Herbert_Duffus__Tenure__1>,""
<http://dbpedia.org/resource/Herbert_Richmond__Tenure__1>,""
<http://dbpedia.org/resource/Herbert_S._Hadley__Tenure__1>,""
<http://dbpedia.org/resource/Herbert_S._Hadley__Tenure__2>,""
<http://dbpedia.org/resource/Herbert_S._Hadley__Tenure__3>,""
<http://dbpedia.org/resource/Herman_Deru__Tenure__1>,""
<http://dbpedia.org/resource/Herman_Madsen__Tenure__1>,""
<http://dbpedia.org/resource/Hermann_Esser__Tenure__1>,""
<http://dbpedia.org/resource/Hermann_Esser__Tenure__2>,""
<http://dbpedia.org/resource/Hermann_Esser__Tenure__3>,""
<http://dbpedia.org/resource/Hermann_Esser__Tenure__4>,""
<http://dbpedia.org/resource/Hermann_Esser__Tenure__5>,""
<http://dbpedia.org/resource/Hermann_Göring__Tenure__1>,""
<http://dbpedia.org/resource/Hermann_Göring__Tenure__10>,""
<http://dbpedia.org/resource/Hermann_Göring__Tenure__2>,""
<http://dbpedia.org/resource/Hermann_Göring__Tenure__3>,""
<http://dbpedia.org/resource/Hermann_Göring__Tenure__4>,""
<http://dbpedia.org/resource/Hermann_Göring__Tenure__5>,""
<http://dbpedia.org/resource/Hermann_Göring__Tenure__6>,""
<http://dbpedia.org/resource/Hermann_Göring__Tenure__7>,""
<http://dbpedia.org/resource/Hermann_Göring__Tenure__8>,""
<http://dbpedia.org/resource/Hermann_Göring__Tenure__9>,""
<http://dbpedia.org/resource/Hermann_Homburg__Tenure__1>,""
<http://dbpedia.org/resource/Hermann_Homburg__Tenure__4>,""
<http://dbpedia.org/resource/Hermann_Homburg__Tenure__6>,""
<http://dbpedia.org/resource/Hermann_Homburg__Tenure__7>,""
<http://dbpedia.org/resource/Hermann_Muhs__Tenure__1>,""
<http://dbpedia.org/resource/Hermann_Muhs__Tenure__2>,""
<http://dbpedia.org/resource/Hermann_Muhs__Tenure__3>,""
<http://dbpedia.org/resource/Hermann_Muhs__Tenure__4>,""
<http://dbpedia.org/resource/Hermann_Muhs__Tenure__5>,""
<http://dbpedia.org/resource/Hermann_Muhs__Tenure__6>,""
<http://dbpedia.org/resource/Hermann_Muhs__Tenure__7>,""
<http://dbpedia.org/resource/Hermann_Müller_(politician)__Tenure__1>,""
<http://dbpedia.org/resource/Hermann_Müller_(politician)__Tenure__3>,""
<http://dbpedia.org/resource/Herty_Lewites__Tenure__1>,""
<http://dbpedia.org/resource/Hervé_Novelli__Tenure__1>,""
<http://dbpedia.org/resource/Hidesaburō_Kurushima__Tenure__1>,""
<http://dbpedia.org/resource/Higino_Carneiro__Tenure__2>,""
<http://dbpedia.org/resource/Higino_Carneiro__Tenure__3>,""
<http://dbpedia.org/resource/Higino_Carneiro__Tenure__4>,""
<http://dbpedia.org/resource/Higino_Carneiro__Tenure__5>,""
<http://dbpedia.org/resource/Hikmet_Uluğbay__Tenure__1>,""
<http://dbpedia.org/resource/Hikmet_Uluğbay__Tenure__2>,""
<http://dbpedia.org/resource/Hikmet_Uluğbay__Tenure__3>,""
<http://dbpedia.org/resource/Hilary_A._Bush__Tenure__1>,""
<http://dbpedia.org/resource/Hilary_Benn__Tenure__10>,""
<http://dbpedia.org/resource/Hilary_Benn__Tenure__11>,""
<http://dbpedia.org/resource/Hilary_Benn__Tenure__4>,""
<http://dbpedia.org/resource/Hilary_Benn__Tenure__5>,""
<http://dbpedia.org/resource/Hilary_Benn__Tenure__6>,""
<http://dbpedia.org/resource/Hilary_Benn__Tenure__7>,""
<http://dbpedia.org/resource/Hilary_Benn__Tenure__8>,""
<http://dbpedia.org/resource/Hilary_Benn__Tenure__9>,""
<http://dbpedia.org/resource/Hilary_Blood__Tenure__1>,""
<http://dbpedia.org/resource/Hilary_Blood__Tenure__2>,""
<http://dbpedia.org/resource/Hilary_Blood__Tenure__3>,""
<http://dbpedia.org/resource/Hilary_Boulding__Tenure__1>,""
<http://dbpedia.org/resource/Hilary_Phillips__Tenure__1>,""
<http://dbpedia.org/resource/Hilde_Indreberg__Tenure__1>,""
<http://dbpedia.org/resource/Hilmi_Uran__Tenure__1>,""
<http://dbpedia.org/resource/Hilmi_Uran__Tenure__2>,""
<http://dbpedia.org/resource/Hilmi_Uran__Tenure__3>,""
<http://dbpedia.org/resource/Hippolyte_Passy__Tenure__1>,""
<http://dbpedia.org/resource/Hippolyte_Passy__Tenure__2>,""
<http://dbpedia.org/resource/Hippolyte_Passy__Tenure__3>,""
<http://dbpedia.org/resource/Hippolyte_Passy__Tenure__4>,""
<http://dbpedia.org/resource/Hippolyte_Passy__Tenure__5>,""
<http://dbpedia.org/resource/Hiram_Gill__Tenure__1>,""
<http://dbpedia.org/resource/Hiroyuki_Sonoda__Tenure__1>,""
<http://dbpedia.org/resource/Hisao_Katō__Tenure__1>,""
<http://dbpedia.org/resource/Homer_Martien_Cook__Tenure__1>,""
<http://dbpedia.org/resource/Hor_Nambora__Tenure__1>,""
<http://dbpedia.org/resource/Horace_Baker__Tenure__1>,""
<http://dbpedia.org/resource/Horace_Hall_Edwards__Tenure__1>,""
<http://dbpedia.org/resource/Horace_Hall_Edwards__Tenure__2>,""
<http://dbpedia.org/resource/Horace_L._Calvo__Tenure__1>,""
<http://dbpedia.org/resource/Horace_Newton_Allen__Tenure__2>,""
<http://dbpedia.org/resource/Hosea_T._Botts__Tenure__1>,""
<http://dbpedia.org/resource/Hosea_T._Botts__Tenure__2>,""
<http://dbpedia.org/resource/Hossein_Makki__Tenure__1>,""
<http://dbpedia.org/resource/Hotamjon_Ketmonov__Tenure__1>,""
<http://dbpedia.org/resource/Hotamjon_Ketmonov__Tenure__2>,""
<http://dbpedia.org/resource/Hotamjon_Ketmonov__Tenure__3>,""
<http://dbpedia.org/resource/Howard_Bernstein__Sir_Howard_Bernstein__1__Tenure__1>,""
<http://dbpedia.org/resource/Howard_Douglas_(park_superintendent)__Tenure__1>,""
<http://dbpedia.org/resource/Howard_Douglas_(park_superintendent)__Tenure__2>,""
<http://dbpedia.org/resource/Howard_Elis_Brown__Tenure__1>,""
<http://dbpedia.org/resource/Howard_Hitchcock__Tenure__1>,""
<http://dbpedia.org/resource/Howard_W._Carson__Tenure__2>,""
<http://dbpedia.org/resource/Howard_Webster_Byers__Tenure__1>,""
<http://dbpedia.org/resource/Howard_Zucker__Tenure__1>,""
<http://dbpedia.org/resource/Howe_Browne_2nd_Marquess_of_Sligo__Tenure__1>,""
<http://dbpedia.org/resource/Howe_Browne_2nd_Marquess_of_Sligo__Tenure__2>,""
<http://dbpedia.org/resource/Howe_Browne_2nd_Marquess_of_Sligo__Tenure__3>,""
<http://dbpedia.org/resource/Hsiao_Tsung-huang__Tenure__1>,""
<http://dbpedia.org/resource/Hsieh_Chin-ting__Tenure__1>,""
<http://dbpedia.org/resource/Henry_L._Hess__Tenure__1>,""
<http://dbpedia.org/resource/Henry_Lamshed__Tenure__1>,""
<http://dbpedia.org/resource/Henry_Lamshed__Tenure__2>,""
<http://dbpedia.org/resource/Henry_Lamshed__Tenure__3>,""
<http://dbpedia.org/resource/Henry_Lane_Wilson__Tenure__2>,""
<http://dbpedia.org/resource/Henry_Lane_Wilson__Tenure__3>,""
<http://dbpedia.org/resource/Hsu_Chen-wei__Tenure__1>,""
<http://dbpedia.org/resource/Hsu_Chen-wei__Tenure__2>,""
<http://dbpedia.org/resource/Hsu_Ching-yuan__Tenure__1>,""
<http://dbpedia.org/resource/Hsu_Ching-yuan__Tenure__2>,""
<http://dbpedia.org/resource/Hsu_Hsin-ying__Tenure__1>,""
<http://dbpedia.org/resource/Hsu_Hsin-ying__Tenure__2>,""
<http://dbpedia.org/resource/Hsu_Hsin-ying__Tenure__3>,""
<http://dbpedia.org/resource/Hsu_Kuo-yung__Tenure__1>,""
<http://dbpedia.org/resource/Hsu_Kuo-yung__Tenure__2>,""
<http://dbpedia.org/resource/Hsu_Li-ming__Tenure__1>,""
<http://dbpedia.org/resource/Hsu_Ming-chun__Tenure__1>,""
<http://dbpedia.org/resource/Hsu_Ming-chun__Tenure__2>,""
<http://dbpedia.org/resource/Hsu_Szu-chien__Tenure__1>,""
<http://dbpedia.org/resource/Hsu_Yu-hsiu__Tenure__1>,""
<http://dbpedia.org/resource/Hu_Hanmin__Tenure__1>,""
<http://dbpedia.org/resource/Hu_Hanmin__Tenure__2>,""
<http://dbpedia.org/resource/Hu_Sheng-cheng__Tenure__1>,""
<http://dbpedia.org/resource/Hu_Sheng-cheng__Tenure__2>,""
<http://dbpedia.org/resource/Hua_Xiong__Tenure__1>,""
<http://dbpedia.org/resource/Huang_Chih-ta__Tenure__1>,""
<http://dbpedia.org/resource/Huang_Jong-tsun__Tenure__1>,""
<http://dbpedia.org/resource/Huang_Jong-tsun__Tenure__2>,""
<http://dbpedia.org/resource/Huang_Jong-tsun__Tenure__3>,""
<http://dbpedia.org/resource/Huang_Wei-che__Tenure__1>,""
<http://dbpedia.org/resource/Huang_Wei-che__Tenure__2>,""
<http://dbpedia.org/resource/Hubert_Beaumont_(Labour_politician)__Tenure__1>,""
<http://dbpedia.org/resource/Hubert_Beaumont_(Labour_politician)__Tenure__2>,""
<http://dbpedia.org/resource/Hubert_Dunn__Tenure__1>,""
<http://dbpedia.org/resource/Hubert_Dunn__Tenure__2>,""
<http://dbpedia.org/resource/Hubert_Dunn__Tenure__3>,""
<http://dbpedia.org/resource/Hubert_Dunn__Tenure__4>,""
<http://dbpedia.org/resource/Hubert_Dunn__Tenure__5>,""
<http://dbpedia.org/resource/Hubert_S._Martin__Tenure__1>,""
<http://dbpedia.org/resource/Hugh_Beadle__Tenure__1>,""
<http://dbpedia.org/resource/Hugh_Beadle__Tenure__2>,""
<http://dbpedia.org/resource/Hugh_Beadle__Tenure__3>,""
<http://dbpedia.org/resource/Hugh_Beadle__Tenure__4>,""
<http://dbpedia.org/resource/Hugh_Beadle__Tenure__5>,""
<http://dbpedia.org/resource/Hugh_Beadle__Tenure__6>,""
<http://dbpedia.org/resource/Hugh_Dalton__Tenure__10>,""
<http://dbpedia.org/resource/Hugh_Dalton__Tenure__8>,""
<http://dbpedia.org/resource/Hugh_Philpott__Tenure__1>,""
<http://dbpedia.org/resource/Hugh_Seely_1st_Baron_Sherwood__Tenure__1>,""
<http://dbpedia.org/resource/Hugo_Carvajal__Tenure__1>,""
<http://dbpedia.org/resource/Hugo_Carvajal__Tenure__2>,""
<http://dbpedia.org/resource/Hugo_Carvajal__Tenure__3>,""
<http://dbpedia.org/resource/Hugo_Carvajal__Tenure__5>,""
<http://dbpedia.org/resource/Hugo_Jury__Tenure__1>,""
<http://dbpedia.org/resource/Hugo_Jury__Tenure__2>,""
<http://dbpedia.org/resource/Hugo_Jury__Tenure__3>,""
<http://dbpedia.org/resource/Hugo_Jury__Tenure__4>,""
<http://dbpedia.org/resource/Huguette_Labelle__Tenure__1>,""
<http://dbpedia.org/resource/Huguette_Labelle__Tenure__2>,""
<http://dbpedia.org/resource/Huguette_Labelle__Tenure__3>,""
<http://dbpedia.org/resource/Huguette_Labelle__Tenure__4>,""
<http://dbpedia.org/resource/Humayd_ibn_Qahtaba__Tenure__1>,""
<http://dbpedia.org/resource/Humayd_ibn_Qahtaba__Tenure__2>,""
<http://dbpedia.org/resource/Humayd_ibn_Qahtaba__Tenure__3>,""
<http://dbpedia.org/resource/Humayd_ibn_Qahtaba__Tenure__4>,""
<http://dbpedia.org/resource/Humphrey_Weld_(of_Lulworth)__Tenure__1>,""
<http://dbpedia.org/resource/Humphrey_Weld_(of_Lulworth)__Tenure__3>,""
<http://dbpedia.org/resource/Humphrey_Weld_(of_Lulworth)__Tenure__4>,""
<http://dbpedia.org/resource/Hussein_Mwinyi__Tenure__1>,""
<http://dbpedia.org/resource/Hussein_Mwinyi__Tenure__2>,""
<http://dbpedia.org/resource/Hussein_Mwinyi__Tenure__4>,""
<http://dbpedia.org/resource/Hussein_Mwinyi__Tenure__5>,""
<http://dbpedia.org/resource/Hussein_Mwinyi__Tenure__6>,""
<http://dbpedia.org/resource/Hussein_Mwinyi__Tenure__7>,""
<http://dbpedia.org/resource/Hussein_Mwinyi__Tenure__8>,""
<http://dbpedia.org/resource/Hussein_Sabry_Gad_El_Mula__Tenure__1>,""
<http://dbpedia.org/resource/Hwang_Yea-baang__Tenure__1>,""
<http://dbpedia.org/resource/Hysni_Kapo__Tenure__1>,""
<http://dbpedia.org/resource/Hysni_Kapo__Tenure__2>,""
<http://dbpedia.org/resource/Hysni_Kapo__Tenure__3>,""
<http://dbpedia.org/resource/Hysni_Kapo__Tenure__4>,""
<http://dbpedia.org/resource/Hysni_Kapo__Tenure__5>,""
<http://dbpedia.org/resource/Hyun_Hong-choo__Tenure__1>,""
<http://dbpedia.org/resource/Hyun_Hong-choo__Tenure__2>,""
<http://dbpedia.org/resource/Håkan_Winberg__Tenure__1>,""
<http://dbpedia.org/resource/Håkan_Winberg__Tenure__2>,""
<http://dbpedia.org/resource/Héctor_Canavery__Tenure__1>,""
<http://dbpedia.org/resource/Héctor_Canavery__Tenure__2>,""
<http://dbpedia.org/resource/Hélène_Missoffe__Tenure__1>,""
<http://dbpedia.org/resource/Hélène_Missoffe__Tenure__3>,""
<http://dbpedia.org/resource/Hélène_Missoffe__Tenure__4>,""
<http://dbpedia.org/resource/Hüdai_Oral__Tenure__1>,""
<http://dbpedia.org/resource/Hüseyin_Kalkan__Tenure__1>,""
<http://dbpedia.org/resource/I._Beverly_Lake_Jr.__Tenure__1>,""
<http://dbpedia.org/resource/I_Gusti_Bagus_Oka__Tenure__1>,""
<http://dbpedia.org/resource/I_Gusti_Bagus_Oka__Tenure__2>,""
<http://dbpedia.org/resource/I_Gusti_Bagus_Oka__Tenure__3>,""
<http://dbpedia.org/resource/I_Gusti_Bagus_Oka__Tenure__4>,""
<http://dbpedia.org/resource/I_Gusti_Bagus_Oka__Tenure__5>,""
<http://dbpedia.org/resource/I_Gusti_Bagus_Oka__Tenure__6>,""
<http://dbpedia.org/resource/I_Gusti_Ketut_Pudja__Tenure__1>,""
<http://dbpedia.org/resource/Ian_Boucard__Tenure__1>,""
<http://dbpedia.org/resource/Ian_Hopkins__Tenure__1>,""
<http://dbpedia.org/resource/Ian_Hopkins__Tenure__2>,""
<http://dbpedia.org/resource/Ian_Kirby__Tenure__1>,""
<http://dbpedia.org/resource/Ian_McColl_Baron_McColl_of_Dulwich__Tenure__1>,""
<http://dbpedia.org/resource/Ian_Shugart__Tenure__1>,""
<http://dbpedia.org/resource/Ian_Shugart__Tenure__2>,""
<http://dbpedia.org/resource/Ian_Temby__Tenure__1>,""
<http://dbpedia.org/resource/Ian_Temby__Tenure__2>,""
<http://dbpedia.org/resource/Ibrahim_Abdulaziz_Sahad__Tenure__1>,""
<http://dbpedia.org/resource/Ibrahim_Zakaria_(scout)__Tenure__1>,""
<http://dbpedia.org/resource/Ibrahim_ibn_Muhammad_ibn_Isma'il_al-Hashimi__Tenure__1>,""
<http://dbpedia.org/resource/Ibrahim_ibn_Salih__Tenure__1>,""
<http://dbpedia.org/resource/Ibrahim_ibn_Salih__Tenure__2>,""
<http://dbpedia.org/resource/Ibrahim_ibn_Salih__Tenure__3>,""
<http://dbpedia.org/resource/Ibrahim_ibn_Salih__Tenure__4>,""
<http://dbpedia.org/resource/Ibrahim_ibn_Salih__Tenure__5>,""
<http://dbpedia.org/resource/Ichirō_Terao__Tenure__1>,""
<http://dbpedia.org/resource/Ida_Auken__Tenure__2>,""
<http://dbpedia.org/resource/Ide_Anak_Agung_Gde_Agung__Tenure__1>,""
<http://dbpedia.org/resource/Ide_Anak_Agung_Gde_Agung__Tenure__2>,""
<http://dbpedia.org/resource/Ide_Anak_Agung_Gde_Agung__Tenure__3>,""
<http://dbpedia.org/resource/Ide_Anak_Agung_Gde_Agung__Tenure__4>,""
<http://dbpedia.org/resource/Idwal_Pugh__Tenure__1>,""
<http://dbpedia.org/resource/Idália_Serrão__Tenure__1>,""
<http://dbpedia.org/resource/Idália_Serrão__Tenure__2>,""
<http://dbpedia.org/resource/Igino_Ghisellini__Tenure__1>,""
<http://dbpedia.org/resource/Igor_Ivanov_(Scouting)__Tenure__1>,""
<http://dbpedia.org/resource/Igor_Levitin__Tenure__1>,""
<http://dbpedia.org/resource/Igor_Rogov__Tenure__1>,""
<http://dbpedia.org/resource/Igor_Rogov__Tenure__2>,""
<http://dbpedia.org/resource/Ihsan_Barakat__Tenure__1>,""
<http://dbpedia.org/resource/Ijem_Onwuamaegbu__Tenure__1>,""
<http://dbpedia.org/resource/Ikuo_Oyama__Tenure__1>,""
<http://dbpedia.org/resource/Ilga_Kreituse__Tenure__1>,""
<http://dbpedia.org/resource/Ilir_Boçka__Tenure__1>,""
<http://dbpedia.org/resource/Ilir_Boçka__Tenure__2>,""
<http://dbpedia.org/resource/Ilir_Gjoni__Tenure__1>,""
<http://dbpedia.org/resource/Ilir_Gjoni__Tenure__2>,""
<http://dbpedia.org/resource/Axel_Pehrsson-Bramstorp>,""
<http://dbpedia.org/resource/Jean-Claude_Fruteau>,""
<http://dbpedia.org/resource/Nguyễn_Văn_An>,""
<http://dbpedia.org/resource/Valentyn_Symonenko>,""
<http://dbpedia.org/resource/Thomas_Fielder_Bowie>,""
<http://dbpedia.org/resource/John_M._Evans>,""
<http://dbpedia.org/resource/Peter_Moore_Speer>,""
<http://dbpedia.org/resource/Nelson_Merentes>,""
<http://dbpedia.org/resource/Roger_Moyer>,""
<http://dbpedia.org/resource/Josef_Ulbrich>,""
<http://dbpedia.org/resource/Jean-Louis_Bricout>,""
<http://dbpedia.org/resource/Count_Johann_Bernhard_von_Rechberg_und_Rothenlöwen>,""
<http://dbpedia.org/resource/Felix_Hamrin>,""
<http://dbpedia.org/resource/Gualtiero_Zanolini__Tenure__1>,""
<http://dbpedia.org/resource/Guido_Jung__Tenure__1>,""
<http://dbpedia.org/resource/Guido_Jung__Tenure__3>,""
<http://dbpedia.org/resource/Guido_Leto__Tenure__1>,""
<http://dbpedia.org/resource/Guido_Valadares__Tenure__1>,""
<http://dbpedia.org/resource/Guillem_d'Areny-Plandolit__Tenure__1>,""
<http://dbpedia.org/resource/Guillermo_Cochez__Tenure__1>,""
<http://dbpedia.org/resource/Guillermo_Cochez__Tenure__4>,""
<http://dbpedia.org/resource/Guillermo_R._Padolina__Tenure__1>,""
<http://dbpedia.org/resource/Guillermo_de_Vega__Tenure__1>,""
<http://dbpedia.org/resource/Gulabo_Devi__Tenure__2>,""
<http://dbpedia.org/resource/Gustav_Hermann_Schmischke__Tenure__1>,""
<http://dbpedia.org/resource/Gustav_Hermann_Schmischke__Tenure__2>,""
<http://dbpedia.org/resource/Gustav_Kastner-Kirdorf__Tenure__1>,""
<http://dbpedia.org/resource/Gustav_Simon__Tenure__1>,""
<http://dbpedia.org/resource/Gustav_Simon__Tenure__2>,""
<http://dbpedia.org/resource/Gustavo_Adolfo_Espina_Salguero__Tenure__1>,""
<http://dbpedia.org/resource/Gustavo_Arribas__Tenure__1>,""
<http://dbpedia.org/resource/Gustavo_Bordet__Tenure__1>,""
<http://dbpedia.org/resource/Gustaw_Marek_Brzezin__Tenure__1>,""
<http://dbpedia.org/resource/Gwen_Robinson_Awsumb__Tenure__1>,""
<http://dbpedia.org/resource/Gökçe_Fırat_Çulhaoğlu__Tenure__1>,""
<http://dbpedia.org/resource/Güler_İleri__Tenure__1>,""
<http://dbpedia.org/resource/Gültan_Kışanak__Tenure__1>,""
<http://dbpedia.org/resource/H._B._Thom__Tenure__1>,""
<http://dbpedia.org/resource/H._B._Thom__Tenure__2>,""
<http://dbpedia.org/resource/H._B._Thom__Tenure__3>,""
<http://dbpedia.org/resource/H._E._Chapman__Tenure__1>,""
<http://dbpedia.org/resource/H._Morrey_Cross__Tenure__1>,""
<http://dbpedia.org/resource/Habib_Bourguiba__Tenure__1>,""
<http://dbpedia.org/resource/Habib_Bourguiba__Tenure__2>,""
<http://dbpedia.org/resource/Habib_Bourguiba__Tenure__3>,""
<http://dbpedia.org/resource/Habib_Bourguiba__Tenure__4>,""
<http://dbpedia.org/resource/Habib_Bourguiba__Tenure__5>,""
<http://dbpedia.org/resource/Hadisubeno_Sosrowerdojo__Tenure__1>,""
<http://dbpedia.org/resource/Hadisubeno_Sosrowerdojo__Tenure__2>,""
<http://dbpedia.org/resource/Hadisubeno_Sosrowerdojo__Tenure__3>,""
<http://dbpedia.org/resource/Hadiza_Moussa_Gros__Tenure__1>,""
<http://dbpedia.org/resource/Hadja_Djakagbè_Kaba__Tenure__1>,""
<http://dbpedia.org/resource/Hadrianus_Sinaga__Tenure__1>,""
<http://dbpedia.org/resource/Hadrianus_Sinaga__Tenure__2>,""
<http://dbpedia.org/resource/Hadrianus_Sinaga__Tenure__3>,""
<http://dbpedia.org/resource/Hafiz_Naeem_ur_Rehman__Tenure__1>,""
<http://dbpedia.org/resource/Hafiz_Siddiq__Tenure__1>,""
<http://dbpedia.org/resource/Hafiz_Siddiq__Tenure__2>,""
<http://dbpedia.org/resource/Hafs_ibn_al-Walid_ibn_Yusuf_al-Hadrami__Tenure__1>,""
<http://dbpedia.org/resource/Hagit_Moshe__Tenure__1>,""
<http://dbpedia.org/resource/Haki_Demolli__Tenure__1>,""
<http://dbpedia.org/resource/Haki_Demolli__Tenure__2>,""
<http://dbpedia.org/resource/Haki_Demolli__Tenure__3>,""
<http://dbpedia.org/resource/Hal_Smalley__Tenure__2>,""
<http://dbpedia.org/resource/Hal_Smalley__Tenure__3>,""
<http://dbpedia.org/resource/Halifa_Sallah__Tenure__1>,""
<http://dbpedia.org/resource/Halifa_Sallah__Tenure__2>,""
<http://dbpedia.org/resource/Halifa_Sallah__Tenure__3>,""
<http://dbpedia.org/resource/Halifa_Sallah__Tenure__5>,""
<http://dbpedia.org/resource/Haluk_Ulusoy__Tenure__1>,""
<http://dbpedia.org/resource/Hamat_Bah__Tenure__1>,""
<http://dbpedia.org/resource/Hamat_Bah__Tenure__2>,""
<http://dbpedia.org/resource/Hamat_Bah__Tenure__3>,""
<http://dbpedia.org/resource/Hamdan_bin_Mubarak_Al_Nahyan__Tenure__1>,""
<http://dbpedia.org/resource/Hamdawayh_ibn_Ali_ibn_Isa_ibn_Mahan__Tenure__1>,""
<http://dbpedia.org/resource/Hameedur_Rahman__Tenure__1>,""
<http://dbpedia.org/resource/Hameedur_Rahman__Tenure__2>,""
<http://dbpedia.org/resource/Hameedur_Rahman__Tenure__3>,""
<http://dbpedia.org/resource/Hamid_Baeidinejad__Tenure__2>,""
<http://dbpedia.org/resource/Hamid_Garmabi__Tenure__1>,""
<http://dbpedia.org/resource/Hamid_Rasaee__Tenure__1>,""
<http://dbpedia.org/resource/Hamid_Raza_Gilani__Tenure__1>,""
<http://dbpedia.org/resource/Hamida_Mohammad_Ali__Tenure__1>,""
<http://dbpedia.org/resource/Hamida_Mohammad_Ali__Tenure__2>,""
<http://dbpedia.org/resource/Hamza_Balje__Tenure__1>,""
<http://dbpedia.org/resource/Hamza_Balje__Tenure__2>,""
<http://dbpedia.org/resource/Han_Lih-wu__Tenure__1>,""
<http://dbpedia.org/resource/Han_Lih-wu__Tenure__2>,""
<http://dbpedia.org/resource/Han_Lih-wu__Tenure__3>,""
<http://dbpedia.org/resource/Han_Lih-wu__Tenure__4>,""
<http://dbpedia.org/resource/Han_Lih-wu__Tenure__5>,""
<http://dbpedia.org/resource/Han_Lih-wu__Tenure__6>,""
<http://dbpedia.org/resource/Han_Lih-wu__Tenure__7>,""
<http://dbpedia.org/resource/Han_Min-goo__Tenure__1>,""
<http://dbpedia.org/resource/Hana_Khatib__Tenure__1>,""
<http://dbpedia.org/resource/Hank_Huckaby__Tenure__1>,""
<http://dbpedia.org/resource/Hank_Steinbrecher__Tenure__1>,""
<http://dbpedia.org/resource/Hanneke_Jagersma__Tenure__1>,""
<http://dbpedia.org/resource/Hannibal_Price__Tenure__1>,""
<http://dbpedia.org/resource/Hannibal_Price__Tenure__2>,""
<http://dbpedia.org/resource/Hanns_Kerrl__Tenure__1>,""
<http://dbpedia.org/resource/Hanns_Kerrl__Tenure__2>,""
<http://dbpedia.org/resource/Hanns_Kerrl__Tenure__3>,""
<http://dbpedia.org/resource/Hanns_Kerrl__Tenure__4>,""
<http://dbpedia.org/resource/Hanns_Kerrl__Tenure__5>,""
<http://dbpedia.org/resource/Hanns_Kerrl__Tenure__6>,""
<http://dbpedia.org/resource/Hans-Christian_Mathiesen__Tenure__1>,""
<http://dbpedia.org/resource/Hans_Christian_Steffensen__Tenure__1>,""
<http://dbpedia.org/resource/Hans_Krebs_(SS_general)__Tenure__1>,""
<http://dbpedia.org/resource/Hans_Kronberger_(politician)__Tenure__1>,""
<http://dbpedia.org/resource/Hans_Röttiger__Tenure__1>,""
<http://dbpedia.org/resource/Phil_Carter__Tenure__1>,""
<http://dbpedia.org/resource/Phil_Gormley__Tenure__1>,""
<http://dbpedia.org/resource/Phil_Gormley__Tenure__2>,""
<http://dbpedia.org/resource/Phil_Gormley__Tenure__3>,""
<http://dbpedia.org/resource/Phil_Gormley__Tenure__4>,""
<http://dbpedia.org/resource/Phil_Kirk__Tenure__1>,""
<http://dbpedia.org/resource/Phil_Kirk__Tenure__2>,""
<http://dbpedia.org/resource/Phil_Warren_(promoter)__Tenure__1>,""
<http://dbpedia.org/resource/Philena_McKeen__Tenure__1>,""
<http://dbpedia.org/resource/Philip_Allott__Tenure__1>,""
<http://dbpedia.org/resource/Philip_Alphonse_Tossijn__Tenure__1>,""
<http://dbpedia.org/resource/Philip_B._Winston__Tenure__1>,""
<http://dbpedia.org/resource/Philip_B._Winston__Tenure__2>,""
<http://dbpedia.org/resource/Philip_B._Winston__Tenure__3>,""
<http://dbpedia.org/resource/Philip_Barton_Key_II__Tenure__1>,""
<http://dbpedia.org/resource/Philip_Bertie_Petrides__Tenure__1>,""
<http://dbpedia.org/resource/Philip_Bertie_Petrides__Tenure__2>,""
<http://dbpedia.org/resource/Philip_Bertie_Petrides__Tenure__3>,""
<http://dbpedia.org/resource/Philip_Bertie_Petrides__Tenure__4>,""
<http://dbpedia.org/resource/Philip_Bertie_Petrides__Tenure__5>,""
<http://dbpedia.org/resource/Philip_Chan_(scientist)__Tenure__1>,""
<http://dbpedia.org/resource/Philip_Chan_(scientist)__Tenure__2>,""
<http://dbpedia.org/resource/Philip_Cosgrave__Tenure__1>,""
<http://dbpedia.org/resource/Philip_Cunliffe-Lister_1st_Earl_of_Swinton__Tenure__11>,""
<http://dbpedia.org/resource/Philip_Dilley__Tenure__1>,""
<http://dbpedia.org/resource/Philip_Dilley__Tenure__2>,""
<http://dbpedia.org/resource/Philip_Dykes__Tenure__1>,""
<http://dbpedia.org/resource/Philip_Haddon-Cave__Tenure__1>,""
<http://dbpedia.org/resource/Philip_Haddon-Cave__Tenure__2>,""
<http://dbpedia.org/resource/Philip_John_Stigant__Tenure__1>,""
<http://dbpedia.org/resource/Philip_Myers_(musician)__Tenure__1>,""
<http://dbpedia.org/resource/Philip_Myers_(musician)__Tenure__2>,""
<http://dbpedia.org/resource/Philip_Myers_(musician)__Tenure__3>,""
<http://dbpedia.org/resource/Philip_Myers_(musician)__Tenure__4>,""
<http://dbpedia.org/resource/Philip_Shanahan__Tenure__1>,""
<http://dbpedia.org/resource/Philip_Sidney_3rd_Earl_of_Leicester__Tenure__4>,""
<http://dbpedia.org/resource/Philipp_Bertram__Tenure__1>,""
<http://dbpedia.org/resource/Philipp_Bouhler__Tenure__1>,""
<http://dbpedia.org/resource/Philipp_Bouhler__Tenure__2>,""
<http://dbpedia.org/resource/Philipp_Bouhler__Tenure__3>,""
<http://dbpedia.org/resource/Philipp_Bouhler__Tenure__4>,""
<http://dbpedia.org/resource/Philipp_Bouhler__Tenure__5>,""
<http://dbpedia.org/resource/Philippe-Guillaume_de_Steenhuys__Tenure__1>,""
<http://dbpedia.org/resource/Philippe_Chalumeau__Tenure__1>,""
<http://dbpedia.org/resource/Philippe_Da_Costa__Tenure__1>,""
<http://dbpedia.org/resource/Philippe_Hannibal_Price__Tenure__1>,""
<http://dbpedia.org/resource/Philippe_Vuilque__Tenure__1>,""
<http://dbpedia.org/resource/Phillip_Bridges__Tenure__1>,""
<http://dbpedia.org/resource/Phillip_Bridges__Tenure__2>,""
<http://dbpedia.org/resource/Phillip_Edward_Chappell__Tenure__1>,""
<http://dbpedia.org/resource/Phillippe_de_Longvilliers_de_Poincy__Tenure__1>,""
<http://dbpedia.org/resource/Phillippe_de_Longvilliers_de_Poincy__Tenure__2>,""
<http://dbpedia.org/resource/Phoebe_Fawzy__Tenure__1>,""
<http://dbpedia.org/resource/Phundelal_Singh_Marko__Tenure__1>,""
<http://dbpedia.org/resource/Phyllis_Benjamin__Tenure__1>,""
<http://dbpedia.org/resource/Phyllis_Yaffe__Tenure__1>,""
<http://dbpedia.org/resource/Phyo_Min_Thein__Tenure__2>,""
<http://dbpedia.org/resource/Pie_Ntavyohanyuma__Tenure__1>,""
<http://dbpedia.org/resource/Pierre_Delsuc__Tenure__1>,""
<http://dbpedia.org/resource/Pierre_Desforges_Sam__Tenure__1>,""
<http://dbpedia.org/resource/Pierre_Desforges_Sam__Tenure__2>,""
<http://dbpedia.org/resource/Pierre_Pay-Pay_wa_Syakasighe__Tenure__1>,""
<http://dbpedia.org/resource/Pierre_Pay-Pay_wa_Syakasighe__Tenure__2>,""
<http://dbpedia.org/resource/Pierre_Pay-Pay_wa_Syakasighe__Tenure__3>,""
<http://dbpedia.org/resource/Pierre_Pay-Pay_wa_Syakasighe__Tenure__4>,""
<http://dbpedia.org/resource/Pierre_Pay-Pay_wa_Syakasighe__Tenure__5>,""
<http://dbpedia.org/resource/Pierre_Pay-Pay_wa_Syakasighe__Tenure__6>,""
<http://dbpedia.org/resource/Pierre_Pucheu__Tenure__1>,""
<http://dbpedia.org/resource/Pierre_Sarr_N'Jie__Tenure__1>,""
<http://dbpedia.org/resource/Pierre_Sarr_N'Jie__Tenure__2>,""
<http://dbpedia.org/resource/Pierre_Sarr_N'Jie__Tenure__3>,""
<http://dbpedia.org/resource/Pierre_Sarr_N'Jie__Tenure__4>,""
<http://dbpedia.org/resource/Pierre_Sarr_N'Jie__Tenure__5>,""
<http://dbpedia.org/resource/Pierre_Sarr_N'Jie__Tenure__7>,""
<http://dbpedia.org/resource/Pieter_Johannes_Meyer__Tenure__1>,""
<http://dbpedia.org/resource/Pieter_Johannes_Meyer__Tenure__2>,""
<http://dbpedia.org/resource/Pieter_Omtzigt__Tenure__1>,""
<http://dbpedia.org/resource/Pieter_Sibarani__Tenure__1>,""
<http://dbpedia.org/resource/Pieter_Vorster__Tenure__1>,""
<http://dbpedia.org/resource/Pieter_de_Lange__Tenure__1>,""
<http://dbpedia.org/resource/Pieter_de_Lange__Tenure__2>,""
<http://dbpedia.org/resource/Pinki_Singh_Yadav__Tenure__1>,""
<http://dbpedia.org/resource/Pinki_Singh_Yadav__Tenure__2>,""
<http://dbpedia.org/resource/Piotr_Gajewski__Tenure__1>,""
<http://dbpedia.org/resource/Pius_F._Koakanu__Tenure__1>,""
<http://dbpedia.org/resource/Pius_F._Koakanu__Tenure__2>,""
<http://dbpedia.org/resource/Pius_Lasisi_Jimoh__Tenure__1>,""
<http://dbpedia.org/resource/Pleas_Jones__Tenure__1>,""
<http://dbpedia.org/resource/Pleas_Jones__Tenure__2>,""
<http://dbpedia.org/resource/Pleas_Jones__Tenure__3>,""
<http://dbpedia.org/resource/Pleas_Jones__Tenure__4>,""
<http://dbpedia.org/resource/Pleas_Jones__Tenure__5>,""
<http://dbpedia.org/resource/Pong_Cheng-sheng__Tenure__1>,""
<http://dbpedia.org/resource/Pooran_Prakash__Tenure__1>,""
<http://dbpedia.org/resource/Pooran_Prakash__Tenure__2>,""
<http://dbpedia.org/resource/Pooran_Prakash__Tenure__3>,""
<http://dbpedia.org/resource/Popo_Molefe__Tenure__2>,""
<http://dbpedia.org/resource/Popo_Molefe__Tenure__3>,""
<http://dbpedia.org/resource/Porfirio_Muñoz_Ledo__Tenure__1>,""
<http://dbpedia.org/resource/Porfirio_Muñoz_Ledo__Tenure__3>,""
<http://dbpedia.org/resource/Porfirio_Muñoz_Ledo__Tenure__4>,""
<http://dbpedia.org/resource/Porsha_Stubbs-Smith__Tenure__1>,""
<http://dbpedia.org/resource/Porsha_Stubbs-Smith__Tenure__2>,""
<http://dbpedia.org/resource/Porsha_Stubbs-Smith__Tenure__3>,""
<http://dbpedia.org/resource/Porsha_Stubbs-Smith__Tenure__4>,""
<http://dbpedia.org/resource/Stuart_Ayres__Tenure__1>,""
<http://dbpedia.org/resource/Stuart_Ayres__Tenure__11>,""
<http://dbpedia.org/resource/Stuart_Ayres__Tenure__13>,""
<http://dbpedia.org/resource/Stuart_Ayres__Tenure__15>,""
<http://dbpedia.org/resource/Stuart_Ayres__Tenure__2>,""
<http://dbpedia.org/resource/Stuart_Ayres__Tenure__3>,""
<http://dbpedia.org/resource/Stuart_Ayres__Tenure__5>,""
<http://dbpedia.org/resource/Stuart_Ayres__Tenure__6>,""
<http://dbpedia.org/resource/Stuart_Ayres__Tenure__7>,""
<http://dbpedia.org/resource/Stuart_Ayres__Tenure__8>,""
<http://dbpedia.org/resource/Stuart_Corbridge__Tenure__1>,""
<http://dbpedia.org/resource/Stuart_Corbridge__Tenure__2>,""
<http://dbpedia.org/resource/Stuart_Etherington__Tenure__1>,""
<http://dbpedia.org/resource/Stuart_Hampson__Tenure__1>,""
<http://dbpedia.org/resource/Su_Hui_(politician)__Tenure__1>,""
<http://dbpedia.org/resource/Su_Li-chiung__Tenure__1>,""
<http://dbpedia.org/resource/Su_Li-chiung__Tenure__2>,""
<http://dbpedia.org/resource/Suat_Berk__Tenure__1>,""
<http://dbpedia.org/resource/Subby_Anzaldo__Tenure__1>,""
<http://dbpedia.org/resource/Subhash_Pasi__Tenure__1>,""
<http://dbpedia.org/resource/Subira_Khamis_Mgalu__Tenure__1>,""
<http://dbpedia.org/resource/Subira_Khamis_Mgalu__Tenure__2>,""
<http://dbpedia.org/resource/Suchi_(politician)__Tenure__1>,""
<http://dbpedia.org/resource/Suchismita_Maurya__Tenure__1>,""
<http://dbpedia.org/resource/Sudesh_Sharma__Tenure__1>,""
<http://dbpedia.org/resource/Sudhanwa_Debbarma__Sudhanwa_Debbarma__1__Tenure__1>,""
<http://dbpedia.org/resource/Sudharmono__Tenure__1>,""
<http://dbpedia.org/resource/Sudharmono__Tenure__2>,""
<http://dbpedia.org/resource/Suhil_Kumar_Shakya__Tenure__1>,""
<http://dbpedia.org/resource/Sukhendra_Singh__Tenure__1>,""
<http://dbpedia.org/resource/Sulayman_ibn_Ali_al-Hashimi__Tenure__1>,""
<http://dbpedia.org/resource/Sulayman_ibn_Wahb__Tenure__1>,""
<http://dbpedia.org/resource/Sulayman_ibn_Wahb__Tenure__2>,""
<http://dbpedia.org/resource/Sulayman_ibn_Wahb__Tenure__3>,""
<http://dbpedia.org/resource/Sulayman_ibn_Wahb__Tenure__4>,""
<http://dbpedia.org/resource/Suleiman_Hussein__Tenure__1>,""
<http://dbpedia.org/resource/Sulejman_Delvina__Tenure__1>,""
<http://dbpedia.org/resource/Sulejman_Delvina__Tenure__2>,""
<http://dbpedia.org/resource/Sulejman_Delvina__Tenure__3>,""
<http://dbpedia.org/resource/Sulfina_Barbu__Tenure__1>,""
<http://dbpedia.org/resource/Sultan_Ahmed_(deputy_speaker)__Sultan_Ahmed_Chowdhury__1__Tenure__2>,""
<http://dbpedia.org/resource/Sultan_Ahmed_(deputy_speaker)__Sultan_Ahmed_Chowdhury__1__Tenure__3>,""
<http://dbpedia.org/resource/Sultan_Ahmed_(deputy_speaker)__Sultan_Ahmed_Chowdhury__1__Tenure__4>,""
<http://dbpedia.org/resource/Sultan_Günal-Gezer__Tenure__1>,""
<http://dbpedia.org/resource/Sultan_Günal-Gezer__Tenure__2>,""
<http://dbpedia.org/resource/Sultan_Günal-Gezer__Tenure__3>,""
<http://dbpedia.org/resource/Sultan_bin_Saeed_Al_Mansoori__Tenure__1>,""
<http://dbpedia.org/resource/Sultan_bin_Saeed_Al_Mansoori__Tenure__2>,""
<http://dbpedia.org/resource/Sultan_bin_Saeed_Al_Mansoori__Tenure__3>,""
<http://dbpedia.org/resource/Sultan_bin_Saeed_Al_Mansoori__Tenure__4>,""
<http://dbpedia.org/resource/Sumanben_Chauhan__Tenure__1>,""
<http://dbpedia.org/resource/Sumon_Samasarn__Tenure__1>,""
<http://dbpedia.org/resource/Sumru_Çörtoğlu__Tenure__1>,""
<http://dbpedia.org/resource/Sumru_Çörtoğlu__Tenure__2>,""
<http://dbpedia.org/resource/Suneel_Puranik__Tenure__1>,""
<http://dbpedia.org/resource/Suneel_Verma__Tenure__1>,""
<http://dbpedia.org/resource/Sunil_Dutt_Dwivedi__Tenure__1>,""
<http://dbpedia.org/resource/Sunil_Kumar_Lala__Tenure__1>,""
<http://dbpedia.org/resource/Sunil_Kumar_Sharma_(Uttar_Pradesh)__Tenure__1>,""
<http://dbpedia.org/resource/Sunil_Kumar_Sharma_(Uttar_Pradesh)__Tenure__2>,""
<http://dbpedia.org/resource/Sunny_Cheung__Tenure__1>,""
<http://dbpedia.org/resource/Sunny_Cheung__Tenure__2>,""
<http://dbpedia.org/resource/Suparman__Tenure__1>,""
<http://dbpedia.org/resource/Surajpal_Singh__Tenure__1>,""
<http://dbpedia.org/resource/Surendra_Narayan_Singh__Tenure__1>,""
<http://dbpedia.org/resource/Surendra_Nath_Singh__Tenure__1>,""
<http://dbpedia.org/resource/Suresh_Bansal__Tenure__1>,""
<http://dbpedia.org/resource/Suresh_Kalmadi__Tenure__1>,""
<http://dbpedia.org/resource/Suresh_Kalmadi__Tenure__2>,""
<http://dbpedia.org/resource/Suresh_Kalmadi__Tenure__4>,""
<http://dbpedia.org/resource/Suresh_Kumar_Khanna__Tenure__1>,""
<http://dbpedia.org/resource/Suresh_Kumar_Khanna__Tenure__2>,""
<http://dbpedia.org/resource/Suresh_Kumar_Khanna__Tenure__4>,""
<http://dbpedia.org/resource/Suresh_Rahi__Tenure__1>,""
