<http://dbpedia.org/resource/Leo_Michael_Toyad>,"1"
<http://dbpedia.org/resource/Fisher_Ames>,"1"
<http://dbpedia.org/resource/List_of_air_forces>,"1"
<http://dbpedia.org/resource/BAR_002>,"1"
<http://dbpedia.org/resource/William_Mure_(1718–1776)>,"1"
<http://dbpedia.org/resource/Edmund_Ironside_2nd_Baron_Ironside>,"1"
<http://dbpedia.org/resource/Tyrrell_002>,"1"
<http://dbpedia.org/resource/William_J._Hosey>,"1"
<http://dbpedia.org/resource/Tyrone_Guthrie>,"1"
<http://dbpedia.org/resource/Johannes_Broene>,"1"
<http://dbpedia.org/resource/Presidency_of_Franklin_D._Roosevelt_third_and_fourth_terms>,"1"
<http://dbpedia.org/resource/College_of_Commissioners-General>,"1"
<http://dbpedia.org/resource/Toyota_Dynamic_Force_engine>,"1"
<http://dbpedia.org/resource/United_Internet>,"1"
<http://dbpedia.org/resource/2nd_Delaware_General_Assembly>,"1"
<http://dbpedia.org/resource/Renault_R-Type_engine>,"1.9"
<http://dbpedia.org/resource/Leo_Michael_Toyad>,"2"
<http://dbpedia.org/resource/James_Butler_1st_Duke_of_Ormond>,"2"
<http://dbpedia.org/resource/Rafael_Trujillo>,"2"
<http://dbpedia.org/resource/Tyrrell_003>,"2"
<http://dbpedia.org/resource/Eulmash-shakin-shumi>,"2"
<http://dbpedia.org/resource/Simbar-shipak>,"2"
<http://dbpedia.org/resource/Toyota_WW_engine>,"2"
<http://dbpedia.org/resource/John_Wodehouse_3rd_Earl_of_Kimberley>,"2"
<http://dbpedia.org/resource/Daimler_V8_engines>,"2"
<http://dbpedia.org/resource/William_J._Hosey>,"2"
<http://dbpedia.org/resource/George_Curry_(politician)>,"2"
<http://dbpedia.org/resource/William_White_(bishop_of_Pennsylvania)>,"2"
<http://dbpedia.org/resource/Johannes_Broene>,"2"
<http://dbpedia.org/resource/Toyota_Dynamic_Force_engine>,"2"
<http://dbpedia.org/resource/Antonio_M._Fernández>,"2"
<http://dbpedia.org/resource/Daimler_Regency>,"2"
<http://dbpedia.org/resource/BAR_003>,"2"
<http://dbpedia.org/resource/Richard_F._Harless>,"2"
<http://dbpedia.org/resource/Fiennes_Cornwallis_3rd_Baron_Cornwallis>,"2"
<http://dbpedia.org/resource/3rd_Delaware_General_Assembly>,"2"
<http://dbpedia.org/resource/PAC-PAD_1>,"2.8"
<http://dbpedia.org/resource/BAR_004>,"3"
<http://dbpedia.org/resource/Panasonic_M2>,"3"
<http://dbpedia.org/resource/Maurice_Roche_4th_Baron_Fermoy>,"3"
<http://dbpedia.org/resource/Tyrrell_004>,"3"
<http://dbpedia.org/resource/William_J._Hosey>,"3"
<http://dbpedia.org/resource/SNCASO>,"3"
<http://dbpedia.org/resource/Airports_Corporation_of_Vietnam>,"3"
<http://dbpedia.org/resource/Jatco_4N71_transmission>,"3"
<http://dbpedia.org/resource/Surendra_Singh_Jeena>,"3"
<http://dbpedia.org/resource/Daimler_Regency>,"3"
<http://dbpedia.org/resource/Thomas_Southwell_4th_Viscount_Southwell>,"3"
<http://dbpedia.org/resource/3_Skypephone_S2>,"3"
<http://dbpedia.org/resource/4th_Delaware_General_Assembly>,"3"
<http://dbpedia.org/resource/List_of_space_forces_units_and_formations>,"3"
<http://dbpedia.org/resource/Daimler_Straight-Eight_engines>,"3.7"
<http://dbpedia.org/resource/GM-Ford_6-speed_automatic_transmission>,"4"
<http://dbpedia.org/resource/GM_6L50_transmission>,"4"
<http://dbpedia.org/resource/Theodore_Sedgwick>,"4"
<http://dbpedia.org/resource/Ford_CD4E_transmission>,"4"
<http://dbpedia.org/resource/4_VD_145/12-1_SRW>,"4"
<http://dbpedia.org/resource/Konami_Cross_Media_NY>,"4"
<http://dbpedia.org/resource/Tyrrell_005>,"4"
<http://dbpedia.org/resource/Daimler_V8_engines>,"4"
<http://dbpedia.org/resource/William_J._Hosey>,"4"
<http://dbpedia.org/resource/BAR_005>,"4"
<http://dbpedia.org/resource/GM_5L40-E_transmission>,"4"
<http://dbpedia.org/resource/GM_6L80_transmission>,"4"
<http://dbpedia.org/resource/Henry_Paget_5th_Marquess_of_Anglesey>,"4"
<http://dbpedia.org/resource/Jatco_4R01_transmission>,"4"
<http://dbpedia.org/resource/5th_Delaware_General_Assembly>,"4"
<http://dbpedia.org/resource/GM_6T40_transmission>,"4"
<http://dbpedia.org/resource/GM_6L50_transmission>,"5"
<http://dbpedia.org/resource/José_Maria_Neves_Cabinet>,"5"
<http://dbpedia.org/resource/William_Sidney_1st_Viscount_De_L'Isle>,"5"
<http://dbpedia.org/resource/BAR_006>,"5"
<http://dbpedia.org/resource/Nicholas_Cavendish_6th_Baron_Chesham>,"5"
<http://dbpedia.org/resource/Research_Institute_for_Arts_and_Technology>,"5"
<http://dbpedia.org/resource/3rd_Taktra_Rinpoche>,"5"
<http://dbpedia.org/resource/6th_Delaware_General_Assembly>,"5"
<http://dbpedia.org/resource/Albert_Spencer_7th_Earl_Spencer>,"6"
<http://dbpedia.org/resource/George_Thatcher>,"6"
<http://dbpedia.org/resource/Henri-Antoine-Marie_de_Noailles>,"6"
<http://dbpedia.org/resource/Cummins_C_Series_engine>,"6"
<http://dbpedia.org/resource/Bentley_4_Litre>,"6"
<http://dbpedia.org/resource/GM_8L45_transmission>,"6"
<http://dbpedia.org/resource/Tyrrell_007>,"6"
<http://dbpedia.org/resource/Robert_Methuen_7th_Baron_Methuen>,"6"
<http://dbpedia.org/resource/Joshua_Cushman>,"6"
<http://dbpedia.org/resource/GM_8L90_transmission>,"6"
<http://dbpedia.org/resource/7th_Delaware_General_Assembly>,"6"
<http://dbpedia.org/resource/Duramax_V8_engine>,"6.2"
<http://dbpedia.org/resource/Charles_Townshend_8th_Marquess_Townshend>,"7"
<http://dbpedia.org/resource/Alan_Brooke_1st_Viscount_Alanbrooke>,"7"
<http://dbpedia.org/resource/Tyrrell_P34>,"7"
<http://dbpedia.org/resource/George_Leonard_(congressman)>,"7"
<http://dbpedia.org/resource/UniCredit_Banca>,"7"
<http://dbpedia.org/resource/Jacques_de_Crussol>,"7"
<http://dbpedia.org/resource/Hugh_Dawnay_8th_Viscount_Downe>,"7"
<http://dbpedia.org/resource/Four_Points_Media_Group>,"7"
<http://dbpedia.org/resource/Věra_Jourová>,"7"
<http://dbpedia.org/resource/8th_Delaware_General_Assembly>,"7"
<http://dbpedia.org/resource/Fisher_Ames>,"8"
<http://dbpedia.org/resource/David_Charteris_12th_Earl_of_Wemyss>,"8"
<http://dbpedia.org/resource/George_Coventry_9th_Earl_of_Coventry>,"8"
<http://dbpedia.org/resource/Tyrrell_009>,"8"
<http://dbpedia.org/resource/Toyota_Dynamic_Force_engine>,"8"
<http://dbpedia.org/resource/9th_Delaware_General_Assembly>,"8"
<http://dbpedia.org/resource/M86_Security>,"8"
<http://dbpedia.org/resource/Adrian_G._Duplantier>,"8"
<http://dbpedia.org/resource/Škoda_14Tr>,"9"
<http://dbpedia.org/resource/9Now>,"9"
<http://dbpedia.org/resource/George_Coventry_10th_Earl_of_Coventry>,"9"
<http://dbpedia.org/resource/Khyongla_Rato>,"9"
<http://dbpedia.org/resource/Tyrrell_010>,"9"
<http://dbpedia.org/resource/10th_Delaware_General_Assembly>,"9"
<http://dbpedia.org/resource/List_of_space_forces_units_and_formations>,"9"
<http://dbpedia.org/resource/Tyrrell_011>,"10"
<http://dbpedia.org/resource/Paramount+>,"10"
<http://dbpedia.org/resource/Praveena_Bandara>,"10"
<http://dbpedia.org/resource/George_William_Coventry_11th_Earl_of_Coventry>,"10"
<http://dbpedia.org/resource/11th_Delaware_General_Assembly>,"10"
<http://dbpedia.org/resource/11D428>,"11"
<http://dbpedia.org/resource/S5.142>,"11"
<http://dbpedia.org/resource/S5.80>,"11"
<http://dbpedia.org/resource/John_Z._Goodrich>,"11"
<http://dbpedia.org/resource/Tyrrell_012>,"11"
<http://dbpedia.org/resource/Robert_Crosser>,"11"
<http://dbpedia.org/resource/12th_Delaware_General_Assembly>,"11"
<http://dbpedia.org/resource/Riley_RM>,"12"
<http://dbpedia.org/resource/13th_Delaware_General_Assembly>,"12"
<http://dbpedia.org/resource/Tyrrell_014>,"12"
<http://dbpedia.org/resource/Peleg_Wadsworth>,"13"
<http://dbpedia.org/resource/Cristóbal_Colón_14th_Duke_of_Veragua>,"13"
<http://dbpedia.org/resource/14th_Delaware_General_Assembly>,"13"
<http://dbpedia.org/resource/Tyrrell_015>,"14"
<http://dbpedia.org/resource/Choekyi_Gyaltsen_10th_Panchen_Lama>,"14"
<http://dbpedia.org/resource/George_Thatcher>,"14"
<http://dbpedia.org/resource/Grand_Alliance_(Bangladesh)>,"14"
<http://dbpedia.org/resource/Bonten_Media_Group>,"14"
<http://dbpedia.org/resource/15th_Delaware_General_Assembly>,"14"
<http://dbpedia.org/resource/Tyrrell_DG016>,"15"
<http://dbpedia.org/resource/List_of_air_forces>,"15"
<http://dbpedia.org/resource/Peleg_Wadsworth>,"15"
<http://dbpedia.org/resource/Revolutionary_Front_for_Proletarian_Action>,"15"
<http://dbpedia.org/resource/Charles_Wyndham_3rd_Baron_Leconfield>,"15"
<http://dbpedia.org/resource/Lanchester_Eighteen_15/18>,"15"
<http://dbpedia.org/resource/16th_Delaware_General_Assembly>,"15"
<http://dbpedia.org/resource/Samuel_Thatcher>,"16"
<http://dbpedia.org/resource/Lotus_18>,"16"
<http://dbpedia.org/resource/Daimler_Twenty-Two>,"16"
<http://dbpedia.org/resource/Riley_RM>,"16"
<http://dbpedia.org/resource/James_Ramsay_17th_Earl_of_Dalhousie>,"16"
<http://dbpedia.org/resource/Cristóbal_Colón_de_Carvajal_17th_Duke_of_Veragua>,"16"
<http://dbpedia.org/resource/17th_Delaware_General_Assembly>,"16"
<http://dbpedia.org/resource/Alloy_Entertainment>,"17"
<http://dbpedia.org/resource/Cristóbal_Colón_de_Carvajal_18th_Duke_of_Veragua>,"17"
<http://dbpedia.org/resource/78K>,"17"
<http://dbpedia.org/resource/Archibald_Montgomerie_18th_Earl_of_Eglinton>,"17"
<http://dbpedia.org/resource/18th_Delaware_General_Assembly>,"17"
<http://dbpedia.org/resource/John_Wilson_(Massachusetts_politician)>,"18"
<http://dbpedia.org/resource/19th_Delaware_General_Assembly>,"18"
<http://dbpedia.org/resource/Tyrrell_020>,"19"
<http://dbpedia.org/resource/20th_Kushok_Bakula_Rinpoche>,"19"
<http://dbpedia.org/resource/James_Parker_(Massachusetts_politician)>,"19"
<http://dbpedia.org/resource/20th_Delaware_General_Assembly>,"19"
<http://dbpedia.org/resource/Resistance_(Star_Wars)>,"20"
<http://dbpedia.org/resource/Rebel_Alliance>,"20"
<http://dbpedia.org/resource/Disney–ABC_Domestic_Television>,"20"
<http://dbpedia.org/resource/DSTLD>,"20"
<http://dbpedia.org/resource/Rolls-Royce_25/30>,"20"
<http://dbpedia.org/resource/21st_Delaware_General_Assembly>,"20"
<http://dbpedia.org/resource/Fox_Corporation>,"21"
<http://dbpedia.org/resource/Tyrrell_022>,"21"
<http://dbpedia.org/resource/Lotus_24>,"21"
<http://dbpedia.org/resource/Anthony_St_John_22nd_Baron_St_John_of_Bletso>,"21"
<http://dbpedia.org/resource/22nd_Delaware_General_Assembly>,"21"
<http://dbpedia.org/resource/Liberation_Army_of_Preševo_Medveđa_and_Bujanovac>,"22"
<http://dbpedia.org/resource/French_Civil_and_Military_High_Command>,"22"
<http://dbpedia.org/resource/John_R._Phillips_(American_politician)>,"22"
<http://dbpedia.org/resource/Tyrrell_023>,"22"
<http://dbpedia.org/resource/Vilayat_Nokhchicho>,"22"
<http://dbpedia.org/resource/23rd_Delaware_General_Assembly>,"22"
<http://dbpedia.org/resource/Empire_Defense_Council>,"22"
<http://dbpedia.org/resource/French_National_Committee>,"22"
<http://dbpedia.org/resource/24th_Ruler>,"23"
<http://dbpedia.org/resource/Tyrrell_024>,"23"
<http://dbpedia.org/resource/24th_Delaware_General_Assembly>,"23"
<http://dbpedia.org/resource/Blue_Circle_Industries>,"24"
<http://dbpedia.org/resource/Tyrrell_025>,"24"
<http://dbpedia.org/resource/Nuun_Ujol_Chaak>,"24"
<http://dbpedia.org/resource/Security_Printing_and_Minting_Organization>,"24"
<http://dbpedia.org/resource/25th_Delaware_General_Assembly>,"24"
<http://dbpedia.org/resource/Tyrrell_026>,"25"
<http://dbpedia.org/resource/Islamic_State_–_Caucasus_Province>,"25"
<http://dbpedia.org/resource/Rolls-Royce_Wraith_(1938)>,"25"
<http://dbpedia.org/resource/Jama'at_Nasr_al-Islam_wal_Muslimin>,"25"
<http://dbpedia.org/resource/26th_Delaware_General_Assembly>,"25"
<http://dbpedia.org/resource/Edward_Stourton_27th_Baron_Mowbray>,"26"
<http://dbpedia.org/resource/27th_Delaware_General_Assembly>,"26"
<http://dbpedia.org/resource/28th_Delaware_General_Assembly>,"27"
<http://dbpedia.org/resource/Yax_Nuun_Ahiin_II>,"28"
<http://dbpedia.org/resource/James_B._Utt>,"28"
<http://dbpedia.org/resource/29th_Delaware_General_Assembly>,"28"
<http://dbpedia.org/resource/John_R._Phillips_(American_politician)>,"29"
<http://dbpedia.org/resource/30th_Delaware_General_Assembly>,"29"
<http://dbpedia.org/resource/31st_Delaware_General_Assembly>,"30"
<http://dbpedia.org/resource/32nd_Delaware_General_Assembly>,"31"
<http://dbpedia.org/resource/33rd_Delaware_General_Assembly>,"32"
<http://dbpedia.org/resource/Thirty-fourth_government_of_Israel>,"33"
<http://dbpedia.org/resource/21st_Combined_Force_(Syrian_rebel_group)>,"33"
<http://dbpedia.org/resource/34th_Delaware_General_Assembly>,"33"
<http://dbpedia.org/resource/Thirty-fifth_government_of_Israel>,"34"
<http://dbpedia.org/resource/35th_Delaware_General_Assembly>,"34"
<http://dbpedia.org/resource/James_B._Utt>,"35"
<http://dbpedia.org/resource/Thirty-sixth_government_of_Israel>,"35"
<http://dbpedia.org/resource/36th_Delaware_General_Assembly>,"35"
<http://dbpedia.org/resource/37th_Delaware_General_Assembly>,"36"
<http://dbpedia.org/resource/38th_Delaware_General_Assembly>,"37"
<http://dbpedia.org/resource/39th_Delaware_General_Assembly>,"38"
<http://dbpedia.org/resource/40th_Delaware_General_Assembly>,"39"
<http://dbpedia.org/resource/41st_Delaware_General_Assembly>,"40"
<http://dbpedia.org/resource/42nd_Delaware_General_Assembly>,"41"
<http://dbpedia.org/resource/Lotus_56>,"42"
<http://dbpedia.org/resource/43rd_Delaware_General_Assembly>,"42"
<http://dbpedia.org/resource/62_Group>,"43"
<http://dbpedia.org/resource/44th_Delaware_General_Assembly>,"43"
<http://dbpedia.org/resource/Lotus_48>,"44"
<http://dbpedia.org/resource/45th_Delaware_General_Assembly>,"44"
<http://dbpedia.org/resource/46th_Delaware_General_Assembly>,"45"
<http://dbpedia.org/resource/47th_Delaware_General_Assembly>,"46"
<http://dbpedia.org/resource/48th_Delaware_General_Assembly>,"47"
<http://dbpedia.org/resource/United_Alkali_Company>,"48"
<http://dbpedia.org/resource/49th_Delaware_General_Assembly>,"48"
<http://dbpedia.org/resource/Lotus_63>,"49"
<http://dbpedia.org/resource/Lotus_72>,"49"
<http://dbpedia.org/resource/50th_Delaware_General_Assembly>,"49"
<http://dbpedia.org/resource/United_Nasserite_Organization>,"50"
<http://dbpedia.org/resource/51st_Delaware_General_Assembly>,"50"
<http://dbpedia.org/resource/51_Minds_Entertainment>,"51"
<http://dbpedia.org/resource/52nd_Delaware_General_Assembly>,"51"
<http://dbpedia.org/resource/53rd_Delaware_General_Assembly>,"52"
<http://dbpedia.org/resource/54th_Delaware_General_Assembly>,"53"
<http://dbpedia.org/resource/55th_Delaware_General_Assembly>,"54"
<http://dbpedia.org/resource/56th_Delaware_General_Assembly>,"55"
<http://dbpedia.org/resource/57th_Delaware_General_Assembly>,"56"
<http://dbpedia.org/resource/Daimler_Double-Six_sleeve-valve_V12>,"57"
<http://dbpedia.org/resource/58th_Delaware_General_Assembly>,"57"
<http://dbpedia.org/resource/59th_Delaware_General_Assembly>,"58"
<http://dbpedia.org/resource/60th_Delaware_General_Assembly>,"59"
<http://dbpedia.org/resource/61st_Delaware_General_Assembly>,"60"
<http://dbpedia.org/resource/62nd_Delaware_General_Assembly>,"61"
<http://dbpedia.org/resource/63rd_Delaware_General_Assembly>,"62"
<http://dbpedia.org/resource/Telenor_Serbia>,"63"
<http://dbpedia.org/resource/64th_Delaware_General_Assembly>,"63"
<http://dbpedia.org/resource/65th_Delaware_General_Assembly>,"64"
<http://dbpedia.org/resource/Ducati_65T>,"65"
<http://dbpedia.org/resource/66th_Delaware_General_Assembly>,"65"
<http://dbpedia.org/resource/67th_Delaware_General_Assembly>,"66"
<http://dbpedia.org/resource/68th_Delaware_General_Assembly>,"67"
<http://dbpedia.org/resource/69th_Delaware_General_Assembly>,"68"
<http://dbpedia.org/resource/70th_Delaware_General_Assembly>,"69"
<http://dbpedia.org/resource/Floyd_County_Productions>,"70"
<http://dbpedia.org/resource/71st_Delaware_General_Assembly>,"70"
<http://dbpedia.org/resource/72nd_Delaware_General_Assembly>,"71"
<http://dbpedia.org/resource/Lotus_56>,"72"
<http://dbpedia.org/resource/Lotus_77>,"72"
<http://dbpedia.org/resource/73rd_Delaware_General_Assembly>,"72"
<http://dbpedia.org/resource/74th_Delaware_General_Assembly>,"73"
<http://dbpedia.org/resource/75th_Delaware_General_Assembly>,"74"
<http://dbpedia.org/resource/76th_Delaware_General_Assembly>,"75"
<http://dbpedia.org/resource/77th_Delaware_General_Assembly>,"76"
<http://dbpedia.org/resource/78th_Delaware_General_Assembly>,"77"
<http://dbpedia.org/resource/RL78>,"78"
<http://dbpedia.org/resource/79th_Delaware_General_Assembly>,"78"
<http://dbpedia.org/resource/80th_Delaware_General_Assembly>,"79"
<http://dbpedia.org/resource/Lotus_81>,"80"
<http://dbpedia.org/resource/81st_Delaware_General_Assembly>,"80"
<http://dbpedia.org/resource/Lotus_88>,"81"
<http://dbpedia.org/resource/Lotus_87>,"81"
<http://dbpedia.org/resource/82nd_Delaware_General_Assembly>,"81"
<http://dbpedia.org/resource/Jack_Hightower>,"82"
<http://dbpedia.org/resource/83rd_Delaware_General_Assembly>,"82"
<http://dbpedia.org/resource/84th_Delaware_General_Assembly>,"83"
<http://dbpedia.org/resource/85th_Delaware_General_Assembly>,"84"
<http://dbpedia.org/resource/86th_Delaware_General_Assembly>,"85"
<http://dbpedia.org/resource/87th_Delaware_General_Assembly>,"86"
<http://dbpedia.org/resource/78K>,"87"
<http://dbpedia.org/resource/88th_Delaware_General_Assembly>,"87"
<http://dbpedia.org/resource/89th_Delaware_General_Assembly>,"88"
<http://dbpedia.org/resource/90th_Delaware_General_Assembly>,"89"
<http://dbpedia.org/resource/Young_Men_(Lebanon)>,"90"
<http://dbpedia.org/resource/91st_Delaware_General_Assembly>,"90"
<http://dbpedia.org/resource/RG_Capital>,"90.9"
<http://dbpedia.org/resource/Lotus_92>,"91"
<http://dbpedia.org/resource/92nd_Delaware_General_Assembly>,"91"
<http://dbpedia.org/resource/Lotus_93T>,"92"
<http://dbpedia.org/resource/93rd_Delaware_General_Assembly>,"92"
<http://dbpedia.org/resource/94th_Delaware_General_Assembly>,"93"
<http://dbpedia.org/resource/95th_Delaware_General_Assembly>,"94"
<http://dbpedia.org/resource/96th_Delaware_General_Assembly>,"95"
<http://dbpedia.org/resource/97th_Delaware_General_Assembly>,"96"
<http://dbpedia.org/resource/98th_Delaware_General_Assembly>,"97"
<http://dbpedia.org/resource/99th_Delaware_General_Assembly>,"98"
<http://dbpedia.org/resource/100th_Delaware_General_Assembly>,"99"
<http://dbpedia.org/resource/Fully_Integrated_Robotised_Engine>,"100"
<http://dbpedia.org/resource/Zahliote_Group>,"100"
<http://dbpedia.org/resource/Sixth_of_February_Movement>,"100"
<http://dbpedia.org/resource/101st_Delaware_General_Assembly>,"100"
<http://dbpedia.org/resource/Vanguard_of_the_Maani_Army_(Movement_of_the_Druze_Jihad)>,"100"
<http://dbpedia.org/resource/Lotus_102>,"101"
<http://dbpedia.org/resource/102nd_Delaware_General_Assembly>,"101"
<http://dbpedia.org/resource/103rd_Delaware_General_Assembly>,"102"
<http://dbpedia.org/resource/203_series>,"103"
<http://dbpedia.org/resource/104th_Delaware_General_Assembly>,"103"
<http://dbpedia.org/resource/105th_Delaware_General_Assembly>,"104"
<http://dbpedia.org/resource/106th_Delaware_General_Assembly>,"105"
<http://dbpedia.org/resource/107th_Delaware_General_Assembly>,"106"
<http://dbpedia.org/resource/Lotus_109>,"107"
<http://dbpedia.org/resource/108th_Delaware_General_Assembly>,"107"
<http://dbpedia.org/resource/109th_Delaware_General_Assembly>,"108"
<http://dbpedia.org/resource/Lotus_112>,"109"
<http://dbpedia.org/resource/110th_Delaware_General_Assembly>,"109"
<http://dbpedia.org/resource/111th_Delaware_General_Assembly>,"110"
<http://dbpedia.org/resource/112th_Delaware_General_Assembly>,"111"
<http://dbpedia.org/resource/113th_Delaware_General_Assembly>,"112"
<http://dbpedia.org/resource/114th_Delaware_General_Assembly>,"113"
<http://dbpedia.org/resource/115th_Delaware_General_Assembly>,"114"
<http://dbpedia.org/resource/116th_Delaware_General_Assembly>,"115"
<http://dbpedia.org/resource/117th_Delaware_General_Assembly>,"116"
<http://dbpedia.org/resource/118th_Delaware_General_Assembly>,"117"
<http://dbpedia.org/resource/119th_Delaware_General_Assembly>,"118"
<http://dbpedia.org/resource/120th_Delaware_General_Assembly>,"119"
<http://dbpedia.org/resource/121st_Delaware_General_Assembly>,"120"
<http://dbpedia.org/resource/122nd_Delaware_General_Assembly>,"121"
<http://dbpedia.org/resource/123rd_Delaware_General_Assembly>,"122"
<http://dbpedia.org/resource/124th_Delaware_General_Assembly>,"123"
<http://dbpedia.org/resource/125th_Delaware_General_Assembly>,"124"
<http://dbpedia.org/resource/Mustang_(motorcycle)>,"125"
<http://dbpedia.org/resource/Ferrari_375_F1>,"125"
<http://dbpedia.org/resource/Ferrari_212_F1>,"125"
<http://dbpedia.org/resource/126th_Delaware_General_Assembly>,"125"
<http://dbpedia.org/resource/MV_Agusta_125_Sport_SE>,"125"
<http://dbpedia.org/resource/Ferrari_156/85>,"126"
<http://dbpedia.org/resource/127th_Delaware_General_Assembly>,"126"
<http://dbpedia.org/resource/128th_Delaware_General_Assembly>,"127"
<http://dbpedia.org/resource/129th_Delaware_General_Assembly>,"128"
<http://dbpedia.org/resource/130th_Delaware_General_Assembly>,"129"
<http://dbpedia.org/resource/131st_Delaware_General_Assembly>,"130"
<http://dbpedia.org/resource/132nd_Delaware_General_Assembly>,"131"
<http://dbpedia.org/resource/133rd_Delaware_General_Assembly>,"132"
<http://dbpedia.org/resource/134th_Delaware_General_Assembly>,"133"
<http://dbpedia.org/resource/135th_Delaware_General_Assembly>,"134"
<http://dbpedia.org/resource/136th_Delaware_General_Assembly>,"135"
<http://dbpedia.org/resource/137th_Delaware_General_Assembly>,"136"
<http://dbpedia.org/resource/138th_Delaware_General_Assembly>,"137"
<http://dbpedia.org/resource/139th_Delaware_General_Assembly>,"138"
<http://dbpedia.org/resource/140th_Delaware_General_Assembly>,"139"
<http://dbpedia.org/resource/141st_Delaware_General_Assembly>,"140"
<http://dbpedia.org/resource/142nd_Delaware_General_Assembly>,"141"
<http://dbpedia.org/resource/143rd_Delaware_General_Assembly>,"142"
<http://dbpedia.org/resource/144th_Delaware_General_Assembly>,"143"
<http://dbpedia.org/resource/145th_Delaware_General_Assembly>,"144"
<http://dbpedia.org/resource/Al-Mourabitoun>,"150"
<http://dbpedia.org/resource/Ferrari_F1/86>,"156"
<http://dbpedia.org/resource/Alfa_Romeo_177>,"158"
<http://dbpedia.org/resource/Chevrolet_straight-6_engine>,"171"
<http://dbpedia.org/resource/Alfa_Romeo_179>,"177"
<http://dbpedia.org/resource/Jordan_192>,"191"
<http://dbpedia.org/resource/Jordan_193>,"192"
<http://dbpedia.org/resource/Jordan_194>,"193"
<http://dbpedia.org/resource/Jordan_195>,"194"
<http://dbpedia.org/resource/Jordan_196>,"195"
<http://dbpedia.org/resource/Jordan_197>,"196"
<http://dbpedia.org/resource/Jordan_198>,"197"
<http://dbpedia.org/resource/Jordan_199>,"198"
<http://dbpedia.org/resource/Al-Tanzim>,"200"
<http://dbpedia.org/resource/Ferrari_156_F1>,"246"
<http://dbpedia.org/resource/Ferrari_312>,"246"
<http://dbpedia.org/resource/Ferrari_246_P>,"246"
<http://dbpedia.org/resource/Ferrari_F2007>,"248"
<http://dbpedia.org/resource/Ferrari_126C>,"312"
<http://dbpedia.org/resource/Ferrari_312T>,"312"
<http://dbpedia.org/resource/Ferrari_312B>,"312"
<http://dbpedia.org/resource/Kawasaki_S2_Mach_II>,"350"
<http://dbpedia.org/resource/MV_Agusta_500_Three>,"350"
<http://dbpedia.org/resource/Ferrari_Tipo_500>,"375"
<http://dbpedia.org/resource/Ferrari_412_T2>,"412"
<http://dbpedia.org/resource/Ferrari_F310>,"412"
<http://dbpedia.org/resource/Chrysler_Hemi_engine>,"426"
<http://dbpedia.org/resource/Number_Lab>,"429"
<http://dbpedia.org/resource/Kawasaki_454_LTD>,"440"
<http://dbpedia.org/resource/651_series>,"485"
<http://dbpedia.org/resource/E653_series>,"485"
<http://dbpedia.org/resource/Ferrari_553>,"500"
<http://dbpedia.org/resource/Tigers_Militia>,"500"
<http://dbpedia.org/resource/Popular_Guard>,"600"
<http://dbpedia.org/resource/Lebanese_Forces_–_Executive_Command>,"600"
<http://dbpedia.org/resource/Ferrari_641>,"640"
<http://dbpedia.org/resource/Ferrari_642>,"641"
<http://dbpedia.org/resource/Ferrari_643>,"642"
<http://dbpedia.org/resource/Ferrari_F92A>,"643"
<http://dbpedia.org/resource/Gungsong_Gungtsen>,"649"
<http://dbpedia.org/resource/E657_series>,"651"
<http://dbpedia.org/resource/Qays_ibn_al-Haytham_al-Sulami>,"663"
<http://dbpedia.org/resource/Army_of_Free_Lebanon>,"700"
<http://dbpedia.org/resource/Zgharta_Liberation_Army>,"700"
<http://dbpedia.org/resource/Moto_Guzzi_Le_Mans>,"750"
<http://dbpedia.org/resource/Rikuo_Motorcycle>,"750"
<http://dbpedia.org/resource/Ferrari_246_F1>,"801"
<http://dbpedia.org/resource/Zakspeed_861>,"841"
<http://dbpedia.org/resource/Ducati_899>,"848"
<http://dbpedia.org/resource/Moto_Guzzi_California>,"850"
<http://dbpedia.org/resource/Zakspeed_871>,"861"
<http://dbpedia.org/resource/March_881>,"871"
<http://dbpedia.org/resource/Zakspeed_881>,"871"
<http://dbpedia.org/resource/Zakspeed_891>,"881"
<http://dbpedia.org/resource/March_CG891>,"881"
<http://dbpedia.org/resource/Ducati_959>,"899"
<http://dbpedia.org/resource/Lebanese_Arab_Army>,"900"
<http://dbpedia.org/resource/Ducati_ST_series>,"907"
<http://dbpedia.org/resource/Ducati_Panigale_V2>,"959"
<http://dbpedia.org/resource/KTM_1190_Adventure>,"990"
<http://dbpedia.org/resource/Ducati_1098>,"999"
<http://dbpedia.org/resource/List_of_space_forces_units_and_formations>,"1001"
<http://dbpedia.org/resource/Ducati_1199>,"1198"
<http://dbpedia.org/resource/Ducati_1299>,"1199"
<http://dbpedia.org/resource/Jacques_de_Crussol>,"1426"
<http://dbpedia.org/resource/Lebanese_Resistance_Regiments>,"1500"
<http://dbpedia.org/resource/Gas_board>,"1812"
<http://dbpedia.org/resource/British_Gas>,"1812"
<http://dbpedia.org/resource/Frank_Smith_(Florida_settler)>,"1867"
<http://dbpedia.org/resource/Indian_Powerplus>,"1913"
<http://dbpedia.org/resource/Anoushirvan_Sepahbodi>,"1919"
<http://dbpedia.org/resource/Standard_Ten>,"1919"
<http://dbpedia.org/resource/Hamas_of_Iraq>,"1920"
<http://dbpedia.org/resource/Indian_Scout_(motorcycle)>,"1927"
<http://dbpedia.org/resource/Goliath_Atlas>,"1929"
<http://dbpedia.org/resource/Dodge_T-_V-_W-Series>,"1933"
<http://dbpedia.org/resource/BSA_Gold_Star>,"1936"
<http://dbpedia.org/resource/1941_Ford>,"1937"
<http://dbpedia.org/resource/BMW_R68>,"1938"
<http://dbpedia.org/resource/1949_Ford>,"1941"
<http://dbpedia.org/resource/Ford_F-Series>,"1941"
<http://dbpedia.org/resource/Ford_B_series>,"1941"
<http://dbpedia.org/resource/Ford_F-Series_(first_generation)>,"1942"
<http://dbpedia.org/resource/Eduardo_Santos_Alvite>,"1947"
<http://dbpedia.org/resource/Isotta_Fraschini_T8_and_T12>,"1947"
<http://dbpedia.org/resource/Ford_Country_Squire>,"1948"
<http://dbpedia.org/resource/British_Gas>,"1948"
<http://dbpedia.org/resource/Farhan_Shubailat>,"1948"
<http://dbpedia.org/resource/1952_Ford>,"1949"
<http://dbpedia.org/resource/Ford_Crestline>,"1949"
<http://dbpedia.org/resource/Muhammad_Affash_al-Adwan>,"1951"
<http://dbpedia.org/resource/Muhammad_Hussain_El-Farra>,"1951"
<http://dbpedia.org/resource/Seatrade>,"1951"
<http://dbpedia.org/resource/1955_Ford>,"1952"
<http://dbpedia.org/resource/Chevrolet_Delray>,"1953"
<http://dbpedia.org/resource/MV_Agusta_175_series>,"1953"
<http://dbpedia.org/resource/Parti_Rakyat_Malaysia>,"1955"
<http://dbpedia.org/resource/BMW_R69S>,"1955"
<http://dbpedia.org/resource/Muhammad_Affash_al-Adwan>,"1955"
<http://dbpedia.org/resource/1957_Ford>,"1955"
<http://dbpedia.org/resource/1958_Dodge>,"1955"
<http://dbpedia.org/resource/New_Democratic_Party_(South_Korea)>,"1955"
<http://dbpedia.org/resource/Murari_Raj_Sharma>,"1956"
<http://dbpedia.org/resource/1960_Ford>,"1957"
<http://dbpedia.org/resource/Chevrolet_Yeoman>,"1957"
<http://dbpedia.org/resource/Chevrolet_Biscayne>,"1958"
<http://dbpedia.org/resource/Chevrolet_Parkwood>,"1958"
<http://dbpedia.org/resource/Chevrolet_Biscayne>,"1959"
<http://dbpedia.org/resource/Kemal_Mehmood_Homoud>,"1961"
<http://dbpedia.org/resource/Eric_Edward_Khasakhala>,"1963"
<http://dbpedia.org/resource/Julio_Giambruno_Viana>,"1963"
<http://dbpedia.org/resource/Eduardo_Santos_Alvite>,"1964"
<http://dbpedia.org/resource/Parti_Rakyat_Malaysia>,"1965"
<http://dbpedia.org/resource/Toyota_concept_vehicles_(2000–2009)>,"1967"
<http://dbpedia.org/resource/Ford_Panther_platform>,"1969"
<http://dbpedia.org/resource/Muhammad_Affash_al-Adwan>,"1971"
<http://dbpedia.org/resource/Hasan_Abu_Nimah>,"1972"
<http://dbpedia.org/resource/British_Gas>,"1973"
<http://dbpedia.org/resource/Seatrade>,"1973"
<http://dbpedia.org/resource/Muhammad_Affash_al-Adwan>,"1975"
<http://dbpedia.org/resource/Harley-Davidson_Confederate_Edition>,"1976"
<http://dbpedia.org/resource/Opel_Tech_1>,"1979"
<http://dbpedia.org/resource/Eric_Edward_Khasakhala>,"1979"
<http://dbpedia.org/resource/Muhammad_Affash_al-Adwan>,"1984"
<http://dbpedia.org/resource/Ducati_MH900e>,"1984"
<http://dbpedia.org/resource/Honda_Magna>,"1986"
<http://dbpedia.org/resource/British_Gas>,"1986"
<http://dbpedia.org/resource/World_Archaeological_Congress>,"1986"
<http://dbpedia.org/resource/Hassan_Ghashghavi>,"1987"
<http://dbpedia.org/resource/Parti_Rakyat_Malaysia>,"1989"
<http://dbpedia.org/resource/Citadel_LLC>,"1990"
<http://dbpedia.org/resource/Citadel_LLC>,"1994"
<http://dbpedia.org/resource/Global_Forum_on_Transparency_and_Exchange_of_Information_for_Tax_Purposes>,"1996"
<http://dbpedia.org/resource/Isotta_Fraschini_T8_and_T12>,"1996"
<http://dbpedia.org/resource/Julia_Osei_Tutu>,"1996"
<http://dbpedia.org/resource/Josefina_Pitra_Diakité>,"1997"
<http://dbpedia.org/resource/Ford_Mustang_(fifth_generation)>,"1999"
<http://dbpedia.org/resource/Triumph_Trophy>,"2002"
<http://dbpedia.org/resource/Honda_Rincon>,"2003"
<http://dbpedia.org/resource/Buick_Avenir>,"2003"
<http://dbpedia.org/resource/Shelby_Mustang>,"2003"
<http://dbpedia.org/resource/Josefina_Pitra_Diakité>,"2005"
<http://dbpedia.org/resource/Grzegorz_Schreiber>,"2010"
<http://dbpedia.org/resource/Ford_Mustang_(sixth_generation)>,"2010"
<http://dbpedia.org/resource/Pak_Thae-dok>,"2020"
<http://dbpedia.org/resource/People's_Liberation_Army_(Lebanon)>,"3000"
<http://dbpedia.org/resource/International_WorkStar>,"7400"
<http://dbpedia.org/resource/Kataeb_Regulatory_Forces>,"8000"
<http://dbpedia.org/resource/Intel_8087>,"8231"
<http://dbpedia.org/resource/Xpress_200>,"9000"
<http://dbpedia.org/resource/Prashanti_Express>,"18563"
<http://dbpedia.org/resource/Sultan_Mahmud_(minister)>,"111212"
<http://dbpedia.org/resource/Wharfedale_Brewery>,"17652003"
<http://dbpedia.org/resource/Minolta_AF_50mm_f/1.4>,"19851990"
<http://dbpedia.org/resource/Intel_80286>,"80868088"
<http://dbpedia.org/resource/Miss_America>,"1920-09-25"
<http://dbpedia.org/resource/Ghana_Broadcasting_Corporation>,"1935-07-31"
<http://dbpedia.org/resource/More_(store)>,"1988-07-14"
<http://dbpedia.org/resource/Regal_Cinemas>,"1989-08-10"
<http://dbpedia.org/resource/Kamel_Jendoubi>,"2016-08-27"
<http://dbpedia.org/resource/Nancy_Gertner>,<http://dbpedia.org/resource/A._David_Mazzone>
<http://dbpedia.org/resource/Dahiru_Musdapher>,<http://dbpedia.org/resource/A._I._Katsina-Alu>
<http://dbpedia.org/resource/Amasa_Cobb>,<http://dbpedia.org/resource/A._Scott_Sloan>
<http://dbpedia.org/resource/R._Sampanthan>,<http://dbpedia.org/resource/A._Thangathurai>
<http://dbpedia.org/resource/Milan_Smith>,<http://dbpedia.org/resource/A._Wallace_Tashima>
<http://dbpedia.org/resource/Dean_Pregerson>,<http://dbpedia.org/resource/A._Wallace_Tashima>
<http://dbpedia.org/resource/Thomas_Andrew_Low>,<http://dbpedia.org/resource/Aaron_Abel_Wright>
<http://dbpedia.org/resource/Egil_Aarvik>,<http://dbpedia.org/resource/Aase_Lionæs>
<http://dbpedia.org/resource/Uthman_ibn_Hunaif>,<http://dbpedia.org/resource/Abdallah_ibn_Amir>
<http://dbpedia.org/resource/Eusoff_Chin>,<http://dbpedia.org/resource/Abdul_Hamid_Omar>
<http://dbpedia.org/resource/Madan_Lal_Saini>,<http://dbpedia.org/resource/Abhishek_Singhvi>
<http://dbpedia.org/resource/Johannes_Jacobse_Beekman>,<http://dbpedia.org/resource/Abraham_Ten_Broeck>
<http://dbpedia.org/resource/Philip_S._Van_Rensselaer>,<http://dbpedia.org/resource/Abraham_Ten_Broeck>
<http://dbpedia.org/resource/Izala_Society>,<http://dbpedia.org/resource/Abubakar_Gumi>
<http://dbpedia.org/resource/Gregory_Agboneni>,<http://dbpedia.org/resource/Abubakar_Saleh_Michika>
<http://dbpedia.org/resource/Reginald_Pecock>,<http://dbpedia.org/resource/Adam_Moleyns>
<http://dbpedia.org/resource/Alain_Garant>,<http://dbpedia.org/resource/Adrien_Lambert>
<http://dbpedia.org/resource/Ernest_Ouellet>,<http://dbpedia.org/resource/Adélard_Turgeon>
<http://dbpedia.org/resource/Antonin_Galipeault>,<http://dbpedia.org/resource/Adélard_Turgeon>
<http://dbpedia.org/resource/Transitional_Islamic_State_of_Afghanistan>,<http://dbpedia.org/resource/Afghan_Interim_Administration>
<http://dbpedia.org/resource/Perry_Warjiyo>,<http://dbpedia.org/resource/Agus_Martowardojo>
<http://dbpedia.org/resource/Muhamad_Chatib_Basri>,<http://dbpedia.org/resource/Agus_Martowardojo>
<http://dbpedia.org/resource/Patrick_McGilligan_(Fine_Gael_politician)>,<http://dbpedia.org/resource/Aindrias_Ó_Caoimh_(attorney_general)>
<http://dbpedia.org/resource/Colm_Condon>,<http://dbpedia.org/resource/Aindrias_Ó_Caoimh_(attorney_general)>
<http://dbpedia.org/resource/Thomas_Finlay_(judge)>,<http://dbpedia.org/resource/Aindrias_Ó_Caoimh_(attorney_general)>
<http://dbpedia.org/resource/Angela_Angel>,<http://dbpedia.org/resource/Aisha_N._Braveboy>
<http://dbpedia.org/resource/Kuldeep_Bishnoi>,<http://dbpedia.org/resource/Ajay_Singh_Chautala>
<http://dbpedia.org/resource/Naina_Singh_Chautala>,<http://dbpedia.org/resource/Ajay_Singh_Chautala>
<http://dbpedia.org/resource/Biswanath_Mukherjee_(politician)>,<http://dbpedia.org/resource/Ajoy_Mukherjee>
<http://dbpedia.org/resource/Prafulla_Chandra_Ghosh>,<http://dbpedia.org/resource/Ajoy_Mukherjee>
<http://dbpedia.org/resource/S_C_Rai>,<http://dbpedia.org/resource/Akhilesh_Das>
<http://dbpedia.org/resource/Nobuteru_Ishihara>,<http://dbpedia.org/resource/Akira_Amari>
<http://dbpedia.org/resource/Toshihiro_Nikai>,<http://dbpedia.org/resource/Akira_Amari>
<http://dbpedia.org/resource/Toshimitsu_Motegi>,<http://dbpedia.org/resource/Akira_Amari>
<http://dbpedia.org/resource/Al-Mutawakkil_II>,<http://dbpedia.org/resource/Al-Mustanjid_(Cairo)>
<http://dbpedia.org/resource/Nizamüddin_Ahmed_Pasha>,<http://dbpedia.org/resource/Alaeddin_Pasha>
<http://dbpedia.org/resource/Pierre_Blais>,<http://dbpedia.org/resource/Alain_Garant>
<http://dbpedia.org/resource/Michel_Lejeune_(politician)>,<http://dbpedia.org/resource/Alain_Le_Vern>
<http://dbpedia.org/resource/Sandrine_Hurel>,<http://dbpedia.org/resource/Alain_Le_Vern>
<http://dbpedia.org/resource/Nicolas_Mayer-Rossignol>,<http://dbpedia.org/resource/Alain_Le_Vern>
<http://dbpedia.org/resource/Yvon_Côté>,<http://dbpedia.org/resource/Alain_Tardif>
<http://dbpedia.org/resource/Judy_Emmons>,<http://dbpedia.org/resource/Alan_Cropsey>
<http://dbpedia.org/resource/Valde_Garcia>,<http://dbpedia.org/resource/Alan_Cropsey>
<http://dbpedia.org/resource/Arlan_Meekhof>,<http://dbpedia.org/resource/Alan_Cropsey>
<http://dbpedia.org/resource/Cathy_Foley>,<http://dbpedia.org/resource/Alan_Finkel>
<http://dbpedia.org/resource/Lawrence_Wasden>,<http://dbpedia.org/resource/Alan_G._Lance_Sr.>
<http://dbpedia.org/resource/Joseph_L._Falvey_Jr.>,<http://dbpedia.org/resource/Alan_G._Lance_Sr.>
<http://dbpedia.org/resource/Simon_Coveney>,<http://dbpedia.org/resource/Alan_Kelly_(politician)>
<http://dbpedia.org/resource/Pauline_Neville-Jones_Baroness_Neville-Jones>,<http://dbpedia.org/resource/Alan_West_Baron_West_of_Spithead>
<http://dbpedia.org/resource/Paul_Sulc>,<http://dbpedia.org/resource/Alannah_MacTiernan>
<http://dbpedia.org/resource/Tony_Buti>,<http://dbpedia.org/resource/Alannah_MacTiernan>
<http://dbpedia.org/resource/John_Carey_(Australian_politician)>,<http://dbpedia.org/resource/Alannah_MacTiernan>
<http://dbpedia.org/resource/Pierre_Yang>,<http://dbpedia.org/resource/Alannah_MacTiernan>
<http://dbpedia.org/resource/Tim_Hammond>,<http://dbpedia.org/resource/Alannah_MacTiernan>
<http://dbpedia.org/resource/Franz_Joseph_9th_Prince_of_Thurn_and_Taxis>,<http://dbpedia.org/resource/Albert_8th_Prince_of_Thurn_and_Taxis>
<http://dbpedia.org/resource/Leven_H._Ellis>,<http://dbpedia.org/resource/Albert_A._Carmichael>
<http://dbpedia.org/resource/Si_Garrett>,<http://dbpedia.org/resource/Albert_A._Carmichael>
<http://dbpedia.org/resource/Patrick_Hillery>,<http://dbpedia.org/resource/Albert_Coppé>
<http://dbpedia.org/resource/Samuel_G._Cosgrove>,<http://dbpedia.org/resource/Albert_E._Mead>
<http://dbpedia.org/resource/John_Robert_Boyle>,<http://dbpedia.org/resource/Albert_Ewing>
<http://dbpedia.org/resource/John_Jameson_(politician)>,<http://dbpedia.org/resource/Albert_Galliton_Harrison>
<http://dbpedia.org/resource/Bryce_B._Smith>,<http://dbpedia.org/resource/Albert_I._Beach>
<http://dbpedia.org/resource/Frank_Sundstrom>,<http://dbpedia.org/resource/Albert_L._Vreeland>
<http://dbpedia.org/resource/Guilford_Wiley_Wells>,<http://dbpedia.org/resource/Albert_R._Howe>
<http://dbpedia.org/resource/Clyde_Cameron>,<http://dbpedia.org/resource/Albert_Thompson_(Australian_politician)>
<http://dbpedia.org/resource/Fred_Birrell>,<http://dbpedia.org/resource/Albert_Thompson_(Australian_politician)>
<http://dbpedia.org/resource/Pierre_Bohémier>,<http://dbpedia.org/resource/Albiny_Paquette>
<http://dbpedia.org/resource/Jean-Guy_Cardinal>,<http://dbpedia.org/resource/Albiny_Paquette>
<http://dbpedia.org/resource/Redbad_King_of_the_Frisians>,<http://dbpedia.org/resource/Aldgisl>
<http://dbpedia.org/resource/Teófilo_Sison>,<http://dbpedia.org/resource/Alejo_Mabanag>
<http://dbpedia.org/resource/Jose_Diokno>,<http://dbpedia.org/resource/Alejo_Mabanag>
<http://dbpedia.org/resource/Ioannis_Kasoulidis>,<http://dbpedia.org/resource/Alekos_Michaelides>
<http://dbpedia.org/resource/Georgios_Ladas>,<http://dbpedia.org/resource/Alekos_Michaelides>
<http://dbpedia.org/resource/Douglas_Glenn_Fisher>,<http://dbpedia.org/resource/Alex_Jupp>
<http://dbpedia.org/resource/Phil_Prendergast>,<http://dbpedia.org/resource/Alex_White_(politician)>
<http://dbpedia.org/resource/Denis_Naughten>,<http://dbpedia.org/resource/Alex_White_(politician)>
<http://dbpedia.org/resource/John_McQueen>,<http://dbpedia.org/resource/Alexander_D._Sims>
<http://dbpedia.org/resource/Donald_Macmaster>,<http://dbpedia.org/resource/Alexander_James_Grant>
<http://dbpedia.org/resource/Maia_Miminoshvili>,<http://dbpedia.org/resource/Alexander_Lomaia>
<http://dbpedia.org/resource/Eka_Tkeshelashvili>,<http://dbpedia.org/resource/Alexander_Lomaia>
<http://dbpedia.org/resource/Francis_Henry_Medcalf>,<http://dbpedia.org/resource/Alexander_Manning>
<http://dbpedia.org/resource/William_Holmes_Howland>,<http://dbpedia.org/resource/Alexander_Manning>
<http://dbpedia.org/resource/Samuel_Russell_(politician)>,<http://dbpedia.org/resource/Alexander_McLaren>
<http://dbpedia.org/resource/George_W._Cate>,<http://dbpedia.org/resource/Alexander_S._McDill>
<http://dbpedia.org/resource/John_H._Evins>,<http://dbpedia.org/resource/Alexander_S._Wallace>
<http://dbpedia.org/resource/Charles-Eugène_Marin>,<http://dbpedia.org/resource/Alexandre_Cyr>
<http://dbpedia.org/resource/Vincenzo_Lapuma>,<http://dbpedia.org/resource/Alexis_Lépicier>
<http://dbpedia.org/resource/Joseph_Addabbo_Jr.>,<http://dbpedia.org/resource/Alfonso_C._Stabile>
<http://dbpedia.org/resource/William_Pugsley>,<http://dbpedia.org/resource/Alfred_Augustus_Stockton>
<http://dbpedia.org/resource/Patrick_Daniel_Norton>,<http://dbpedia.org/resource/Alfred_Blaisdell>
<http://dbpedia.org/resource/Edward_White_Robertson>,<http://dbpedia.org/resource/Alfred_Briggs_Irion>
<http://dbpedia.org/resource/Charles_Button>,<http://dbpedia.org/resource/Alfred_Cadman>
<http://dbpedia.org/resource/Jackson_Palmer>,<http://dbpedia.org/resource/Alfred_Cadman>
<http://dbpedia.org/resource/Frederic_Lang>,<http://dbpedia.org/resource/Alfred_Cadman>
<http://dbpedia.org/resource/James_McGowan_(politician)>,<http://dbpedia.org/resource/Alfred_Cadman>
<http://dbpedia.org/resource/Richard_Reeves_(New_Zealand_politician)>,<http://dbpedia.org/resource/Alfred_Cadman>
<http://dbpedia.org/resource/Robert_Allen_(Virginia_politician)>,<http://dbpedia.org/resource/Alfred_H._Powell>
<http://dbpedia.org/resource/Charles_A._Jonas>,<http://dbpedia.org/resource/Alfred_L._Bulwinkle>
<http://dbpedia.org/resource/Woodrow_W._Jones>,<http://dbpedia.org/resource/Alfred_L._Bulwinkle>
<http://dbpedia.org/resource/Hannibal_Hamlin>,<http://dbpedia.org/resource/Alfred_Marshall_(politician)>
<http://dbpedia.org/resource/John_Finis_Philips>,<http://dbpedia.org/resource/Alfred_Morrison_Lay>
<http://dbpedia.org/resource/James_Mahaffy>,<http://dbpedia.org/resource/Alfred_Speakman>
<http://dbpedia.org/resource/David_A._Ure>,<http://dbpedia.org/resource/Alfred_Speakman>
<http://dbpedia.org/resource/Eric_Joseph_Poole>,<http://dbpedia.org/resource/Alfred_Speakman>
<http://dbpedia.org/resource/Frederick_Davis_Shaw>,<http://dbpedia.org/resource/Alfred_Speakman>
<http://dbpedia.org/resource/Frederick_Forsyth_Pardee>,<http://dbpedia.org/resource/Alfred_Thomas_Gurd>
<http://dbpedia.org/resource/Antonio_Nachura>,<http://dbpedia.org/resource/Alfredo_Benipayo>
<http://dbpedia.org/resource/Benjamin_Abalos>,<http://dbpedia.org/resource/Alfredo_Benipayo>
<http://dbpedia.org/resource/Akhilesh_Prasad_Singh>,<http://dbpedia.org/resource/Ali_Anwar>
<http://dbpedia.org/resource/Chansey_Paech>,<http://dbpedia.org/resource/Alison_Anderson>
<http://dbpedia.org/resource/Gilbert_McAllister>,<http://dbpedia.org/resource/Allan_Chapman_(politician)>
<http://dbpedia.org/resource/Thomas_Galbraith_1st_Baron_Strathclyde>,<http://dbpedia.org/resource/Allan_Chapman_(politician)>
<http://dbpedia.org/resource/Bob_Whan>,<http://dbpedia.org/resource/Allan_Fraser_(Australian_politician)>
<http://dbpedia.org/resource/Dugald_Munro>,<http://dbpedia.org/resource/Allan_Fraser_(Australian_politician)>
<http://dbpedia.org/resource/Gilbert_Parent>,<http://dbpedia.org/resource/Allan_Pietz>
<http://dbpedia.org/resource/Elizabeth_Hawley_Gasque>,<http://dbpedia.org/resource/Allard_H._Gasque>
<http://dbpedia.org/resource/Joseph_Trotter_Mills>,<http://dbpedia.org/resource/Allen_R._Bushnell>
<http://dbpedia.org/resource/Joseph_W._Babcock>,<http://dbpedia.org/resource/Allen_R._Bushnell>
<http://dbpedia.org/resource/George_Clementson>,<http://dbpedia.org/resource/Allen_R._Bushnell>
<http://dbpedia.org/resource/Lois_Frankel>,<http://dbpedia.org/resource/Allen_West_(politician)>
<http://dbpedia.org/resource/Matt_Rinaldi>,<http://dbpedia.org/resource/Allen_West_(politician)>
<http://dbpedia.org/resource/List_of_space_forces_units_and_formations>,<http://dbpedia.org/resource/Allied_Air_Command>
<http://dbpedia.org/resource/Paolo_Renier>,<http://dbpedia.org/resource/Alvise_Giovanni_Mocenigo>
<http://dbpedia.org/resource/Wide_Open_West>,<http://dbpedia.org/resource/Americast>
<http://dbpedia.org/resource/Adolfo_Azcuna>,<http://dbpedia.org/resource/Ameurfina_Melencio-Herrera>
<http://dbpedia.org/resource/Jose_Melo>,<http://dbpedia.org/resource/Ameurfina_Melencio-Herrera>
<http://dbpedia.org/resource/Miles_Ross>,<http://dbpedia.org/resource/Amos_Clark_Jr.>
<http://dbpedia.org/resource/Asher_Hinds>,<http://dbpedia.org/resource/Amos_L._Allen>
<http://dbpedia.org/resource/Belle_S._Spafford>,<http://dbpedia.org/resource/Amy_B._Lyman>
<http://dbpedia.org/resource/Jared_Solomon_(Maryland_politician)>,<http://dbpedia.org/resource/Ana_Sol_Gutierrez>
<http://dbpedia.org/resource/Emily_Shetty>,<http://dbpedia.org/resource/Ana_Sol_Gutierrez>
<http://dbpedia.org/resource/Venkaiah_Naidu>,<http://dbpedia.org/resource/Anand_Sharma>
<http://dbpedia.org/resource/Shashi_Tharoor>,<http://dbpedia.org/resource/Anand_Sharma>
<http://dbpedia.org/resource/Kavuri_Samba_Siva_Rao>,<http://dbpedia.org/resource/Anand_Sharma>
<http://dbpedia.org/resource/Preneet_Kaur>,<http://dbpedia.org/resource/Anand_Sharma>
<http://dbpedia.org/resource/Nirmala_Sitharaman>,<http://dbpedia.org/resource/Anand_Sharma>
<http://dbpedia.org/resource/Bindeshwari_Dubey>,<http://dbpedia.org/resource/Anand_Sharma>
<http://dbpedia.org/resource/Per-Willy_Amundsen>,<http://dbpedia.org/resource/Anders_Anundsen>
<http://dbpedia.org/resource/Milan_Ftáčnik>,<http://dbpedia.org/resource/Andrej_Ďurkovský>
<http://dbpedia.org/resource/Michael_the_Brave>,<http://dbpedia.org/resource/Andrew_Báthory>
<http://dbpedia.org/resource/Roger_Davies_(astrophysicist)>,<http://dbpedia.org/resource/Andrew_Fabian>
<http://dbpedia.org/resource/William_V._Brady>,<http://dbpedia.org/resource/Andrew_H._Mickle>
<http://dbpedia.org/resource/Hugh_Clark_(politician)>,<http://dbpedia.org/resource/Andrew_Malcolm_(politician)>
<http://dbpedia.org/resource/Charles_Joseph_Vogel>,<http://dbpedia.org/resource/Andrew_Miller_(North_Dakota_judge)>
<http://dbpedia.org/resource/James_S._Munro>,<http://dbpedia.org/resource/Andrew_Pattulo>
<http://dbpedia.org/resource/William_D._Martin>,<http://dbpedia.org/resource/Andrew_R._Govan>
<http://dbpedia.org/resource/Fernando_Ferrer>,<http://dbpedia.org/resource/Andrew_Saul>
<http://dbpedia.org/resource/Kilolo_Kijakazi>,<http://dbpedia.org/resource/Andrew_Saul>
<http://dbpedia.org/resource/August_Chełkowski>,<http://dbpedia.org/resource/Andrzej_Stelmachowski>
<http://dbpedia.org/resource/Paul_Crête>,<http://dbpedia.org/resource/André_Plourde>
<http://dbpedia.org/resource/Gabriel_Attal>,<http://dbpedia.org/resource/André_Santini>
<http://dbpedia.org/resource/Frédéric_Lefebvre>,<http://dbpedia.org/resource/André_Santini>
<http://dbpedia.org/resource/Carlos_Larraín>,<http://dbpedia.org/resource/Andrés_Allamand>
<http://dbpedia.org/resource/John_Jagler>,<http://dbpedia.org/resource/Andy_Jorgensen>
<http://dbpedia.org/resource/Charles_Sheard>,<http://dbpedia.org/resource/Angus_Claude_Macdonell>
<http://dbpedia.org/resource/Beatriz_Gutiérrez_Müller>,<http://dbpedia.org/resource/Angélica_Rivera>
<http://dbpedia.org/resource/Firmanzah>,<http://dbpedia.org/resource/Anies_Baswedan>
<http://dbpedia.org/resource/Muhadjir_Effendy>,<http://dbpedia.org/resource/Anies_Baswedan>
<http://dbpedia.org/resource/Katharina_Fegebank>,<http://dbpedia.org/resource/Anja_Hajduk>
<http://dbpedia.org/resource/Steve_Dimopoulos>,<http://dbpedia.org/resource/Ann_Barker>
<http://dbpedia.org/resource/Inga_Peulich>,<http://dbpedia.org/resource/Ann_Barker>
<http://dbpedia.org/resource/Ulf_Kristersson>,<http://dbpedia.org/resource/Anna_Kinberg_Batra>
<http://dbpedia.org/resource/Jessica_Polfjärd>,<http://dbpedia.org/resource/Anna_Kinberg_Batra>
<http://dbpedia.org/resource/Letitia_Stevenson>,<http://dbpedia.org/resource/Anna_Morton>
<http://dbpedia.org/resource/Christian_Blanc>,<http://dbpedia.org/resource/Anne-Marie_Idrac>
<http://dbpedia.org/resource/Joe_Serna_Jr.>,<http://dbpedia.org/resource/Anne_Rudin>
<http://dbpedia.org/resource/Philippe_Augier>,<http://dbpedia.org/resource/Anne_d'Ornano>
<http://dbpedia.org/resource/Jean-Léonce_Dupont>,<http://dbpedia.org/resource/Anne_d'Ornano>
<http://dbpedia.org/resource/Michael_A._Sullivan>,<http://dbpedia.org/resource/Anthony_D._Galluccio>
<http://dbpedia.org/resource/Sal_DiDomenico>,<http://dbpedia.org/resource/Anthony_D._Galluccio>
<http://dbpedia.org/resource/Harold_Balfour_1st_Baron_Balfour_of_Inchrye>,<http://dbpedia.org/resource/Anthony_Muirhead>
<http://dbpedia.org/resource/Hugh_Seely_1st_Baron_Sherwood>,<http://dbpedia.org/resource/Anthony_Muirhead>
<http://dbpedia.org/resource/Aram_Bakshian>,<http://dbpedia.org/resource/Anthony_R._Dolan>
<http://dbpedia.org/resource/Johan_Tyrberg>,<http://dbpedia.org/resource/Antje_Jackelén>
<http://dbpedia.org/resource/Camillo_Laurenti>,<http://dbpedia.org/resource/Antonio_Vico_(cardinal)>
<http://dbpedia.org/resource/Camilo_Torres_Tenorio>,<http://dbpedia.org/resource/Antonio_Villavicencio>
<http://dbpedia.org/resource/Antonius_von_Thoma>,<http://dbpedia.org/resource/Antonius_von_Steichele>
<http://dbpedia.org/resource/Franz_Joseph_von_Stein>,<http://dbpedia.org/resource/Antonius_von_Thoma>
<http://dbpedia.org/resource/Manuel_Gonçalves_Cerejeira>,<http://dbpedia.org/resource/António_Mendes_Belo>
<http://dbpedia.org/resource/Jader_Barbalho>,<http://dbpedia.org/resource/Antônio_Carlos_Magalhães>
<http://dbpedia.org/resource/Germán_Riesco>,<http://dbpedia.org/resource/Aníbal_Zañartu>
<http://dbpedia.org/resource/Aozora_Bank>,<http://dbpedia.org/resource/Aozora_Bank>
<http://dbpedia.org/resource/Vajjada_II>,<http://dbpedia.org/resource/Aparajita>
<http://dbpedia.org/resource/Ephraim_B._Hall>,<http://dbpedia.org/resource/Aquilla_B._Caldwell>
<http://dbpedia.org/resource/Joseph_Sprigg>,<http://dbpedia.org/resource/Aquilla_B._Caldwell>
<http://dbpedia.org/resource/Archduke_Maximilian_of_Austria-Este>,<http://dbpedia.org/resource/Archduke_Anton_Victor_of_Austria>
<http://dbpedia.org/resource/Ferdinand_August_von_Spiegel>,<http://dbpedia.org/resource/Archduke_Anton_Victor_of_Austria>
<http://dbpedia.org/resource/John_R._Ramsey>,<http://dbpedia.org/resource/Archibald_C._Hart>
<http://dbpedia.org/resource/Lewis_J._Martin>,<http://dbpedia.org/resource/Archibald_C._Hart>
<http://dbpedia.org/resource/Arthur_Sifton>,<http://dbpedia.org/resource/Archibald_Campbell_(Alberta_politician)>
<http://dbpedia.org/resource/James_Stoddart_Duff>,<http://dbpedia.org/resource/Archibald_Currie_(Canadian_politician)>
<http://dbpedia.org/resource/Johan_Ferrier>,<http://dbpedia.org/resource/Archibald_Currie_(Surinamese_politician)>
